source_row,erp_system_id,original_erp_part_code,erp_part_code,original_name,cleaned_name,name_cleanup_notes,unit_of_measure,available_quantity,status,is_active,inventory_posting_group,item_category_code,proposed_maintenance_category_name,category_source,category_confidence,proposed_size,proposed_size_inches,size_source,size_confidence,detected_measurements,proposed_part_number,part_number_source,part_number_confidence,erp_modified_at,requires_review,review_notes
2,478a85a2-c971-f011-8eef-6045bd6acac2,7HF 400ML,7HF 400ML,7HF 400ml Magntic Ink Aerosols Box of 10,7HF 400ml Magnetic Ink Aerosols Box of 10,normalized non-breaking spaces; corrected spelling to Magnetic,BOX,2,active,true,,,,,blank_allowed,,,,blank_allowed,,,,none,5/3/2026 5:39 PM,false,
3,8a59a5f0-2971-f011-8eef-002248d3581c,LG-1036-AKAKUS,LG-1036-AKAKUS,5 ATM Waterproof 304 Stainless Steel Watch - AOO LOGO,5 ATM Waterproof 304 Stainless Steel Watch - AOO LOGO,normalized non-breaking spaces,PCS,0,active,true,,,,,blank_allowed,,,,blank_allowed,,,,none,11/3/2025 4:34 PM,false,
4,5478198f-2871-f011-8eef-002248d3581c,LG-1036-LDC,LG-1036-LDC,5 ATM Waterproof 304 Stainless Steel Watch - LDC LOGO,5 ATM Waterproof 304 Stainless Steel Watch - LDC LOGO,normalized non-breaking spaces,PCS,0,active,true,,,,,blank_allowed,,,,blank_allowed,,,,none,8/4/2025 4:07 PM,false,
5,b0e13d46-2a71-f011-8eef-002248d3581c,LG-1036-WAHA,LG-1036-WAHA,5 ATM Waterproof 304 Stainless Steel Watch - WOC LOGO,5 ATM Waterproof 304 Stainless Steel Watch - WOC LOGO,normalized non-breaking spaces,PCS,0,active,true,,,,,blank_allowed,,,,blank_allowed,,,,none,8/4/2025 4:07 PM,false,
6,5475b663-2971-f011-8eef-002248d3581c,LG-1036-ZALLAF,LG-1036-ZALLAF,5 ATM Waterproof 304 Stainless Steel Watch - ZALLAF LOGO,5 ATM Waterproof 304 Stainless Steel Watch - ZALLAF LOGO,normalized non-breaking spaces,PCS,0,active,true,,,,,blank_allowed,,,,blank_allowed,,,,none,8/4/2025 4:07 PM,false,
7,07bbbb2d-ca71-f011-8eef-6045bd6acac2,SKC-S,SKC-S,SKC-S Cleaner Aerosols 400ml,SKC-S Cleaner Aerosols 400ml,normalized non-breaking spaces,BOX,4,active,true,,,,,blank_allowed,,,,blank_allowed,,,,none,12/4/2025 10:46 AM,false,
8,74a677eb-c971-f011-8eef-6045bd6acac2,SKD-S2,SKD-S2,SKD-S2 Developer Aerosols 400ml,SKD-S2 Developer Aerosols 400ml,normalized non-breaking spaces,BOX,2,active,true,,,,,blank_allowed,,,,blank_allowed,,,,none,12/4/2025 10:46 AM,false,
9,f05e22c7-c971-f011-8eef-6045bd6acac2,SKL-SP2,SKL-SP2,SKL-SP2 Red Penetrant Box of 10,SKL-SP2 Red Penetrant Box of 10,normalized non-breaking spaces,BOX,2,active,true,,,,,blank_allowed,,,,blank_allowed,,,,none,12/4/2025 10:46 AM,false,
10,35c42dfe-c771-f011-8eef-6045bd6acac2,SONO 600,SONO 600,"Sonotech Sono 600 high temp. ultrasonic couplant, 1 gallon (~3,8 ltr) cubitainer 18°C to 371°C","Sonotech Sono 600 high temp. ultrasonic couplant, 1 gallon (~3,8 ltr) cubitainer 18°C to 371°C",normalized non-breaking spaces,GAL,1,active,true,,,,,blank_allowed,,,,blank_allowed,,,,none,12/4/2025 10:46 AM,false,
11,2774ddab-c871-f011-8eef-6045bd6acac2,ULTRAGEL II,ULTRAGEL II,Ultragel II 3.78 LT,Ultragel II 3.78 LT,normalized non-breaking spaces,LITER,2,active,true,,,,,blank_allowed,,,,blank_allowed,,,,none,12/4/2025 10:46 AM,false,
12,6abc693c-c971-f011-8eef-6045bd6acac2,WCP-2 400ML,WCP-2 400ML,WCP-2 400ml Contrast Paint Aerosols Box of 10,WCP-2 400ml Contrast Paint Aerosols Box of 10,normalized non-breaking spaces,BOX,2,active,true,,,,,blank_allowed,,,,blank_allowed,,,,none,2/22/2026 11:04 AM,false,
13,e3436120-0e71-f011-8eef-002248d3581c,FBA-BST EM5-00021,FBA-BST EM5-00021,BLUESTAR 29V 150 EP MR DD 8 PA,BLUESTAR 29V 150 EP MR DD 8 PA,normalized non-breaking spaces,PCS,3,active,true,BATTERY,,,ERP Inventory Posting Group,blank_allowed,,,,blank_allowed,,,,none,3/5/2026 11:49 AM,false,
14,65fa6433-0b3e-f011-be59-6045bd157c64,1001,1001,CAP SCREW,CAP SCREW,normalized non-breaking spaces,PCS,0,active,true,BOMSP,,,ERP Inventory Posting Group,blank_allowed,,,,blank_allowed,,,,none,9/21/2025 8:41 PM,false,
15,63fa6433-0b3e-f011-be59-6045bd157c64,1002,1002,CAP SCREW,CAP SCREW,normalized non-breaking spaces,PCS,0,active,true,BOMSP,,,ERP Inventory Posting Group,blank_allowed,,,,blank_allowed,,,,none,9/21/2025 8:40 PM,false,
16,6bfa6433-0b3e-f011-be59-6045bd157c64,1276-B-16,1276-B-16,SUPPORT ROLLERS,SUPPORT ROLLERS,normalized non-breaking spaces,PCS,0,active,true,BOMSP,,,ERP Inventory Posting Group,blank_allowed,,,,blank_allowed,,,,none,9/7/2025 10:32 AM,false,
17,69fa6433-0b3e-f011-be59-6045bd157c64,1689-A-30,1689-A-30,TONG DIES,TONG DIES,normalized non-breaking spaces,PCS,0,active,true,BOMSP,,,ERP Inventory Posting Group,blank_allowed,,,,blank_allowed,,,,none,9/7/2025 10:32 AM,false,
18,6dfa6433-0b3e-f011-be59-6045bd157c64,20670205,20670205,CONSOLE FILTER,CONSOLE FILTER,normalized non-breaking spaces,PCS,0,active,true,BOMSP,,,ERP Inventory Posting Group,blank_allowed,,,,blank_allowed,,,,none,9/7/2025 10:32 AM,false,
19,5ffa6433-0b3e-f011-be59-6045bd157c64,2800-CC-06,2800-CC-06,CLAMP HEADS,CLAMP HEADS,normalized non-breaking spaces,PCS,0,active,true,BOMSP,,,ERP Inventory Posting Group,blank_allowed,,,,blank_allowed,,,,none,9/7/2025 10:32 AM,false,
20,61fa6433-0b3e-f011-be59-6045bd157c64,2800-CC-07,2800-CC-07,TONG DIE WASHERS,TONG DIE WASHERS,normalized non-breaking spaces,PCS,0,active,true,BOMSP,,,ERP Inventory Posting Group,blank_allowed,,,,blank_allowed,,,,none,9/7/2025 10:32 AM,false,
21,6e0f95fb-fe65-f011-8eed-002248cb613d,TD082080,TD082080,TONG DIE ½” X 1-1/4” X 5” ,"TONG DIE 1/2"" X 1 1/4"" X 5""",normalized non-breaking spaces; expanded ½ to 1/2; normalized inch marks; normalized mixed fractions,PCS,48,active,true,BOMSP,,,ERP Inventory Posting Group,blank_allowed,,,/api/list-options/asset_sizes,blank_allowed,"1/2"" -> 1/2"" | 1 1/4"" -> 1 1/4"" | 5"" -> 5""",,,none,2/22/2026 10:52 AM,false,
22,ff2e5b39-0b3e-f011-be59-6045bd157c64,1004,1004,"7"" 17-35# MECHANICAL SET CEMENT RETAINER","7"" 17-35# MECHANICAL SET CEMENT RETAINER",normalized non-breaking spaces,PCS,0,active,true,COMPLETION,,COMPLETION,ERP Inventory Posting Group,high,"7""",7.00000,Description,high,"7"" -> 7""",,,none,3/5/2026 11:50 AM,false,
23,062f5b39-0b3e-f011-be59-6045bd157c64,1005,1005,"MECHANICAL SETTING TOOL FOR 7""","MECHANICAL SETTING TOOL FOR 7""",normalized non-breaking spaces,PCS,0,active,true,COMPLETION,,COMPLETION,ERP Inventory Posting Group,high,"7""",7.00000,/api/list-options/asset_sizes,asset_size_match,"7"" -> 7""",,,none,3/5/2026 11:50 AM,false,
24,092f5b39-0b3e-f011-be59-6045bd157c64,1006,1006,"REDRESS KIT FOR MECHANICAL SETTING TOOL 7""","REDRESS KIT FOR MECHANICAL SETTING TOOL 7""",normalized non-breaking spaces,PCS,0,active,true,COMPLETION,,COMPLETION,ERP Inventory Posting Group,high,"7""",7.00000,Description,high,"7"" -> 7""",,,none,3/5/2026 11:51 AM,false,
25,1b2f5b39-0b3e-f011-be59-6045bd157c64,1007,1007,"PERMANENT BRIDGE PLUG 7"" 17-35#","PERMANENT BRIDGE PLUG 7"" 17-35#",normalized non-breaking spaces,PCS,0,active,true,COMPLETION,,COMPLETION,ERP Inventory Posting Group,high,"7""",7.00000,/api/list-options/asset_sizes,asset_size_match,"7"" -> 7""",,,none,3/5/2026 11:51 AM,false,
26,272f5b39-0b3e-f011-be59-6045bd157c64,1008,1008,"ADAPTER KIT  FOR 7""","ADAPTER KIT FOR 7""",normalized non-breaking spaces; normalized spacing and punctuation,PCS,0,active,true,COMPLETION,,COMPLETION,ERP Inventory Posting Group,high,"7""",7.00000,/api/list-options/asset_sizes,asset_size_match,"7"" -> 7""",,,none,3/5/2026 11:51 AM,false,
27,2d2f5b39-0b3e-f011-be59-6045bd157c64,1009,1009,HYDRAULIC SETTING TOOL SIZE 20,HYDRAULIC SETTING TOOL SIZE 20,normalized non-breaking spaces,PCS,0,active,true,COMPLETION,,COMPLETION,ERP Inventory Posting Group,high,,,,blank_allowed,,,,none,3/5/2026 11:51 AM,false,
28,332f5b39-0b3e-f011-be59-6045bd157c64,1010,1010,REDRESS KIT FOR HYDRAULIC SETTING TOOL SIZE 20,REDRESS KIT FOR HYDRAULIC SETTING TOOL SIZE 20,normalized non-breaking spaces,PCS,0,active,true,COMPLETION,,COMPLETION,ERP Inventory Posting Group,high,,,,blank_allowed,,,,none,3/5/2026 11:52 AM,false,
29,412f5b39-0b3e-f011-be59-6045bd157c64,1013,1013,"7"" 23# LINER HANGER PACKER SYSTEM","7"" 23# LINER HANGER PACKER SYSTEM",normalized non-breaking spaces,PCS,0,active,true,COMPLETION,,COMPLETION,ERP Inventory Posting Group,high,"7""",7.00000,Description,high,"7"" -> 7""",,,none,3/5/2026 11:53 AM,false,
30,462f5b39-0b3e-f011-be59-6045bd157c64,1014,1014,"7"" RUNNING TOOL","7"" RUNNING TOOL",normalized non-breaking spaces,PCS,1,active,true,COMPLETION,,COMPLETION,ERP Inventory Posting Group,high,"7""",7.00000,Description,high,"7"" -> 7""",,,none,4/2/2026 11:28 AM,false,
31,502f5b39-0b3e-f011-be59-6045bd157c64,1016,1016,"5"" Running Tool for installing and cementing consisting of - Lift Nipple with Floating Junk Bonnet","5"" Running Tool for installing and cementing consisting of - Lift Nipple with Floating Junk Bonnet",normalized non-breaking spaces,PCS,0,active,true,COMPLETION,,COMPLETION,ERP Inventory Posting Group,high,"5""",5.00000,Description,high,"5"" -> 5""",,,none,9/7/2025 10:32 AM,false,
32,542f5b39-0b3e-f011-be59-6045bd157c64,1017,1017,4-1/2''IF Pin x 1/2''NPT Box Pressure Test Cap ,"4 1/2""IF Pin x 1/2""NPT Box Pressure Test Cap",normalized non-breaking spaces; normalized inch marks; normalized mixed fractions,PCS,0,active,true,COMPLETION,,COMPLETION,ERP Inventory Posting Group,high,,,/api/list-options/asset_sizes,blank_allowed,"4 1/2"" -> 4 1/2"" | 1/2"" -> 1/2""",,,none,9/7/2025 10:32 AM,false,
33,592f5b39-0b3e-f011-be59-6045bd157c64,1018,1018,7''BTC Box Pressure Test Cap ,"7""BTC Box Pressure Test Cap",normalized non-breaking spaces; normalized inch marks,PCS,0,active,true,COMPLETION,,COMPLETION,ERP Inventory Posting Group,high,"7""",7.00000,/api/list-options/asset_sizes,asset_size_match,"7"" -> 7""",,,none,9/7/2025 10:32 AM,false,
34,5f2f5b39-0b3e-f011-be59-6045bd157c64,1019,1019,3-1/2''IF Pin x 1/2''NPT box Pressure Test Cap,"3 1/2""IF Pin x 1/2""NPT box Pressure Test Cap",normalized non-breaking spaces; normalized inch marks; normalized mixed fractions,PCS,0,active,true,COMPLETION,,COMPLETION,ERP Inventory Posting Group,high,"3 1/2""",3.50000,/api/list-options/asset_sizes,asset_size_match,"3 1/2"" -> 3 1/2"" | 1/2"" -> 1/2""",,,none,9/7/2025 10:32 AM,false,
35,682f5b39-0b3e-f011-be59-6045bd157c64,1021,1021,"5"" 18# Liner Hanger Packer System for cementing with rotating, hydraulic set and release ","5"" 18# Liner Hanger Packer System for cementing with rotating, hydraulic set and release",normalized non-breaking spaces,PCS,0,active,true,COMPLETION,,COMPLETION,ERP Inventory Posting Group,high,"5""",5.00000,Description,high,"5"" -> 5""",,,none,9/7/2025 10:32 AM,false,
36,6d2f5b39-0b3e-f011-be59-6045bd157c64,1022,1022,"5"" Running Tool for installing and cementing the liner -2x Stinger for ack off Bushing","5"" Running Tool for installing and cementing the liner -2x Stinger for Pack-Off Bushing",normalized non-breaking spaces; corrected Pack-Off Bushing,PCS,0,active,true,COMPLETION,,COMPLETION,ERP Inventory Posting Group,high,"5""",5.00000,Description,high,"5"" -> 5""",,,none,9/7/2025 10:32 AM,false,
37,742f5b39-0b3e-f011-be59-6045bd157c64,1023,1023,"Parts for 1x5"" running tool for installing and cement the liner -Pack off bushing ","Parts for 1x5"" running tool for installing and cement the liner -Pack off bushing",normalized non-breaking spaces,PCS,0,active,true,COMPLETION,,COMPLETION,ERP Inventory Posting Group,high,"5""",5.00000,Description,high,"5"" -> 5""",,,none,9/7/2025 10:32 AM,false,
38,782f5b39-0b3e-f011-be59-6045bd157c64,1024,1024,"4 1/2"" - 5"" Plug Holder","4 1/2"" - 5"" Plug Holder",normalized non-breaking spaces,PCS,0,active,true,COMPLETION,,COMPLETION,ERP Inventory Posting Group,high,"5""",5.00000,/api/list-options/asset_sizes,asset_size_match,"4 1/2"" -> 4 1/2"" | 5"" -> 5""",,,none,9/7/2025 10:32 AM,false,
39,7d2f5b39-0b3e-f011-be59-6045bd157c64,1025,1025,"4 1/2"" - 5"" Pick up Sub","4 1/2"" - 5"" Pick up Sub",normalized non-breaking spaces,PCS,0,active,true,COMPLETION,,COMPLETION,ERP Inventory Posting Group,high,"5""",5.00000,/api/list-options/asset_sizes,asset_size_match,"4 1/2"" -> 4 1/2"" | 5"" -> 5""",,,none,9/7/2025 10:32 AM,false,
40,832f5b39-0b3e-f011-be59-6045bd157c64,1026,1026,"Top Drive Cement Head, Double","Top Drive Cement Head, Double",normalized non-breaking spaces,PCS,0,active,true,COMPLETION,,COMPLETION,ERP Inventory Posting Group,high,,,,blank_allowed,,,,none,3/5/2026 3:42 PM,false,
41,882f5b39-0b3e-f011-be59-6045bd157c64,1027,1027,Redress Kit Top Drive Cement Head double valve,Redress Kit Top Drive Cement Head double valve,normalized non-breaking spaces,PCS,0,active,true,COMPLETION,,COMPLETION,ERP Inventory Posting Group,high,,,,blank_allowed,,,,none,9/7/2025 10:32 AM,false,
42,902f5b39-0b3e-f011-be59-6045bd157c64,1028,1028,"Redress Kit f. 7"" Running Tool including Redress Sets f. Pack off Bushing, Stinger, Setting Tool","Redress Kit f. 7"" Running Tool including Redress Sets f. Pack off Bushing, Stinger, Setting Tool",normalized non-breaking spaces,PCS,0,active,true,COMPLETION,,COMPLETION,ERP Inventory Posting Group,high,"7""",7.00000,Description,high,"7"" -> 7""",,,none,9/7/2025 10:32 AM,false,
43,a02f5b39-0b3e-f011-be59-6045bd157c64,1029,1029,REDRESS KIT FOR DOUBLE VALVE CEMENT HEAD,REDRESS KIT FOR DOUBLE VALVE CEMENT HEAD,normalized non-breaking spaces,PCS,0,active,true,COMPLETION,,COMPLETION,ERP Inventory Posting Group,high,,,,blank_allowed,,,,none,9/7/2025 10:32 AM,false,
44,a92f5b39-0b3e-f011-be59-6045bd157c64,1030,1030,"Redress Kit f. 7"" Running Tool including Redress Sets f. Pack off Bushing, Stinger, Setting Tool","Redress Kit f. 7"" Running Tool including Redress Sets f. Pack off Bushing, Stinger, Setting Tool",normalized non-breaking spaces,PCS,0,active,true,COMPLETION,,COMPLETION,ERP Inventory Posting Group,high,"7""",7.00000,Description,high,"7"" -> 7""",,,none,9/7/2025 10:32 AM,false,
45,ae2f5b39-0b3e-f011-be59-6045bd157c64,1031,1031,9-5/8'' MECHANICAL CEMENT RETAINER 10K PSI 275F MILLABLE ,"9 5/8"" MECHANICAL CEMENT RETAINER 10K PSI 275F MILLABLE",normalized non-breaking spaces; normalized inch marks; normalized mixed fractions,PCS,0,active,true,COMPLETION,,COMPLETION,ERP Inventory Posting Group,high,"9 5/8""",9.62500,Description,high,"9 5/8"" -> 9 5/8""",,,none,9/7/2025 10:32 AM,false,
46,b32f5b39-0b3e-f011-be59-6045bd157c64,1032,1032,REDRESS KIT FOR MECHANICAL SETTING TOOL,REDRESS KIT FOR MECHANICAL SETTING TOOL,normalized non-breaking spaces,PCS,0,active,true,COMPLETION,,COMPLETION,ERP Inventory Posting Group,high,,,,blank_allowed,,,,none,3/24/2026 12:15 PM,false,
47,b674b7dd-2a87-f011-b419-002248cb9746,1036,1036,"Redress kit for Mechanical Set Packer (7""17-26#)","Redress kit for Mechanical Set Packer (7""17-26#)",normalized non-breaking spaces,PCS,2,active,true,COMPLETION,,COMPLETION,ERP Inventory Posting Group,high,"7""",7.00000,Description,high,"7"" -> 7""",,,none,2/19/2026 12:00 PM,false,
48,686d4b24-2e87-f011-b419-002248cb9746,1037,1037,Redress Kit for Bar/Ball Sub,Redress Kit for Bar/Ball Sub,normalized non-breaking spaces,PCS,0,active,true,COMPLETION,,COMPLETION,ERP Inventory Posting Group,high,,,,blank_allowed,,,,none,2/19/2026 12:00 PM,false,
49,9408659e-2f87-f011-b419-002248cb9746,1038,1038,"Protectorcap 2 7/8"" EU Box","Protectorcap 2 7/8"" EU Box",normalized non-breaking spaces,PCS,0,active,true,COMPLETION,,COMPLETION,ERP Inventory Posting Group,high,"2 7/8""",2.87500,/api/list-options/asset_sizes,asset_size_match,"2 7/8"" -> 2 7/8""",,,none,2/19/2026 12:00 PM,false,
50,cc63d8e8-2f87-f011-b419-002248cb9746,1039,1039,"Protectorcap 4 1/2"" EU Box","Protectorcap 4 1/2"" EU Box",normalized non-breaking spaces,PCS,0,active,true,COMPLETION,,COMPLETION,ERP Inventory Posting Group,high,,,/api/list-options/asset_sizes,blank_allowed,"4 1/2"" -> 4 1/2""",,,none,2/19/2026 12:00 PM,false,
51,553f7bb2-3187-f011-b419-002248cb9746,1040,1040,"Redress Kit On/Off Tool for 7"" Packer","Redress Kit On/Off Tool for 7"" Packer",normalized non-breaking spaces,PCS,0,active,true,COMPLETION,,COMPLETION,ERP Inventory Posting Group,high,"7""",7.00000,Description,high,"7"" -> 7""",,,none,2/19/2026 12:00 PM,false,
52,c4ea22dd-3187-f011-b419-002248cb9746,1041,1041,"Redress Kit On/Off Tool for 9 5/8"" Packer","Redress Kit On/Off Tool for 9 5/8"" Packer",normalized non-breaking spaces,PCS,0,active,true,COMPLETION,,COMPLETION,ERP Inventory Posting Group,high,"9 5/8""",9.62500,Description,high,"9 5/8"" -> 9 5/8""",,,none,2/19/2026 12:00 PM,false,
53,7989c858-cd87-f011-b419-002248cc2346,1043,1043,"Redress Kit for 7"" Running Tool incl Redress Sets f. Pack off Bushing Stinger, Setting Tool ","Redress Kit for 7"" Running Tool incl Redress Sets f. Pack off Bushing Stinger, Setting Tool",normalized non-breaking spaces,PCS,0,active,true,COMPLETION,,COMPLETION,ERP Inventory Posting Group,high,"7""",7.00000,Description,high,"7"" -> 7""",,,none,2/19/2026 12:00 PM,false,
54,8ebdffa0-b896-f011-b41a-6045bd695714,1050,1050,"7"" 26# Liner Hanger Packer System for cementing with rotating, hydraulic Casing 9 5/8"" 40-43.5","7"" 26# Liner Hanger Packer System for cementing with rotating, hydraulic Casing 9 5/8"" 40-43.5",normalized non-breaking spaces,PCS,2,active,true,COMPLETION,,COMPLETION,ERP Inventory Posting Group,high,,,/api/list-options/asset_sizes,blank_allowed,"7"" -> 7"" | 9 5/8"" -> 9 5/8""",,,none,3/4/2026 1:50 PM,false,
55,e7864342-bb96-f011-b41a-6045bd695714,1051,1051,"7"" 32# Liner Hanger Packer System for cementing rotating, hydraulic set Casing: 9 5/8"" 47-53,5#","7"" 32# Liner Hanger Packer System for cementing rotating, hydraulic set Casing: 9 5/8"" 47-53,5#",normalized non-breaking spaces,PCS,0,active,true,COMPLETION,,COMPLETION,ERP Inventory Posting Group,high,,,/api/list-options/asset_sizes,blank_allowed,"7"" -> 7"" | 9 5/8"" -> 9 5/8""",,,none,3/5/2026 3:42 PM,false,
56,09411557-601c-f111-8340-0022486a2f4f,1052,1052,"Complete redress kit for 7"" Running Tools inclusive of the full kit for HRME running tool & Pack-Off","Complete redress kit for 7"" Running Tools inclusive of the full kit for HRME running tool & Pack-Off",normalized non-breaking spaces,PCS,4,active,true,COMPLETION,,COMPLETION,ERP Inventory Posting Group,high,"7""",7.00000,Description,high,"7"" -> 7""",,,none,6/4/2026 4:20 PM,false,
57,19b243ca-601c-f111-8340-0022486a2f4f,1053,1053,"Complete redress kit for 5"" Running Tools inclusive of the full kit for HRME running tool & Pack-Off","Complete redress kit for 5"" Running Tools inclusive of the full kit for HRME running tool & Pack-Off",normalized non-breaking spaces,PCS,5,active,true,COMPLETION,,COMPLETION,ERP Inventory Posting Group,high,"5""",5.00000,Description,high,"5"" -> 5""",,,none,4/19/2026 1:39 PM,false,
58,c7acd19f-2363-f111-ab09-70a8a51ea506,1058,1058,"7'' Float Collar Single Valve, BTC ","7"" Float Collar Single Valve, BTC",normalized non-breaking spaces; normalized inch marks,PCS,0,active,true,COMPLETION,,COMPLETION,ERP Inventory Posting Group,high,"7""",7.00000,Description,high,"7"" -> 7""",,,none,6/8/2026 2:22 PM,false,
59,5271dec4-2e87-f011-b419-002248cb9746,300090,300090,"X-OVER 4 1/2"" X 2 7/8"" EU B x P","X-OVER 4 1/2"" X 2 7/8"" EU B x P",normalized non-breaking spaces,PCS,0,active,true,COMPLETION,,COMPLETION,ERP Inventory Posting Group,high,"2 7/8""",2.87500,/api/list-options/asset_sizes,asset_size_match,"4 1/2"" -> 4 1/2"" | 2 7/8"" -> 2 7/8""",,,none,2/19/2026 12:00 PM,false,
60,f59f5437-2f87-f011-b419-002248cb9746,300094,300094,"PUP Joint 2 7/8"" EU B x P","PUP Joint 2 7/8"" EU B x P",normalized non-breaking spaces,PCS,2,active,true,COMPLETION,,COMPLETION,ERP Inventory Posting Group,high,"2 7/8""",2.87500,/api/list-options/asset_sizes,asset_size_match,"2 7/8"" -> 2 7/8""",,,none,9/21/2025 10:18 PM,false,
61,6e7a464c-2a87-f011-b419-002248cb9746,300101,300101,"7"" 17-26# Mechanical Set Packer","7"" 17-26# Mechanical Set Packer",normalized non-breaking spaces,PCS,1,active,true,COMPLETION,,COMPLETION,ERP Inventory Posting Group,high,"7""",7.00000,Description,high,"7"" -> 7""",,,none,9/21/2025 10:18 PM,false,
62,817a0593-2d87-f011-b419-002248cb9746,300115,300115,"Bar/Ball Sub 2 7/8"" EUE B x P","Bar/Ball Sub 2 7/8"" EUE B x P",normalized non-breaking spaces,PCS,2,active,true,COMPLETION,,COMPLETION,ERP Inventory Posting Group,high,"2 7/8""",2.87500,/api/list-options/asset_sizes,asset_size_match,"2 7/8"" -> 2 7/8""",,,none,9/21/2025 10:18 PM,false,
63,df2e5b39-0b3e-f011-be59-6045bd157c64,300439,300439,9-5/8'' Adaptor kit,"9 5/8"" Adaptor kit",normalized non-breaking spaces; normalized inch marks; normalized mixed fractions,PCS,0,active,true,COMPLETION,,COMPLETION,ERP Inventory Posting Group,high,"9 5/8""",9.62500,Description,high,"9 5/8"" -> 9 5/8""",,,none,9/7/2025 10:32 AM,false,
64,f42e5b39-0b3e-f011-be59-6045bd157c64,300459,300459,9-5/8'' (43.5-53.5)# Mechanical Testing Packer,"9 5/8"" (43.5-53.5)# Mechanical Testing Packer",normalized non-breaking spaces; normalized inch marks; normalized mixed fractions,PCS,0,active,true,COMPLETION,,COMPLETION,ERP Inventory Posting Group,high,"9 5/8""",9.62500,Description,high,"9 5/8"" -> 9 5/8""",,,none,9/7/2025 10:32 AM,false,
65,f92e5b39-0b3e-f011-be59-6045bd157c64,300841,300841,"Redress Kit 9-5/8""","Redress Kit 9 5/8""",normalized non-breaking spaces; normalized mixed fractions,PCS,0,active,true,COMPLETION,,COMPLETION,ERP Inventory Posting Group,high,"9 5/8""",9.62500,Description,high,"9 5/8"" -> 9 5/8""",,,none,9/7/2025 10:32 AM,false,
66,382f5b39-0b3e-f011-be59-6045bd157c64,300933,300933,TENSION MANDREL,TENSION MANDREL,normalized non-breaking spaces,PCS,0,active,true,COMPLETION,,COMPLETION,ERP Inventory Posting Group,high,,,,blank_allowed,,,,none,3/5/2026 11:52 AM,false,
67,ef2e5b39-0b3e-f011-be59-6045bd157c64,301345,301345,"Permanent Bridge Plug 7"" 17-35","Permanent Bridge Plug 7"" 17-35",normalized non-breaking spaces,PCS,0,active,true,COMPLETION,,COMPLETION,ERP Inventory Posting Group,high,"7""",7.00000,/api/list-options/asset_sizes,asset_size_match,"7"" -> 7""",,,none,3/5/2026 11:45 AM,false,
68,da2e5b39-0b3e-f011-be59-6045bd157c64,301347,301347,"9-5/8'' Wire line set bridge plugs, 10K PSI 275F Millable","9 5/8"" Wire line set bridge plugs, 10K PSI 275F Millable",normalized non-breaking spaces; normalized inch marks; normalized mixed fractions,PCS,0,active,true,COMPLETION,,COMPLETION,ERP Inventory Posting Group,high,"9 5/8""",9.62500,/api/list-options/asset_sizes,asset_size_match,"9 5/8"" -> 9 5/8""",,,none,9/7/2025 10:32 AM,false,
69,ea2e5b39-0b3e-f011-be59-6045bd157c64,301467,301467,"9-5/8"" Mechanical Setting Tool for Cement Retainer","9 5/8"" Mechanical Setting Tool for Cement Retainer",normalized non-breaking spaces; normalized mixed fractions,PCS,0,active,true,COMPLETION,,COMPLETION,ERP Inventory Posting Group,high,"9 5/8""",9.62500,Description,high,"9 5/8"" -> 9 5/8""",,,none,9/7/2025 10:32 AM,false,
70,4bd0f9fc-3087-f011-b419-002248cb9746,301641,301641,"On/Off Tool for 7"" Packer 2 7/8"" B x P incl Stinger","On/Off Tool for 7"" Packer 2 7/8"" B x P incl Stinger",normalized non-breaking spaces,PCS,1,active,true,COMPLETION,,COMPLETION,ERP Inventory Posting Group,high,,,/api/list-options/asset_sizes,blank_allowed,"7"" -> 7"" | 2 7/8"" -> 2 7/8""",,,none,9/21/2025 10:18 PM,false,
71,e52e5b39-0b3e-f011-be59-6045bd157c64,301720,301720,9-5/8'' Mechanical Cement Retainer 10K PSI 275F Millable,"9 5/8"" Mechanical Cement Retainer 10K PSI 275F Millable",normalized non-breaking spaces; normalized inch marks; normalized mixed fractions,PCS,0,active,true,COMPLETION,,COMPLETION,ERP Inventory Posting Group,high,"9 5/8""",9.62500,Description,high,"9 5/8"" -> 9 5/8""",,,none,9/7/2025 10:32 AM,false,
72,697c6c27-0b3e-f011-be59-6045bd157c64,301911,301911,PURPOSE NOSE,PURPOSE NOSE,normalized non-breaking spaces,PCS,0,active,true,COMPLETION,,COMPLETION,ERP Inventory Posting Group,high,,,,blank_allowed,,,,none,3/5/2026 11:52 AM,false,
73,de18b863-3187-f011-b419-002248cb9746,301960,301960,"On/Off Tool for 9 5/8"" Packer 4 1/2"" B x P incl. Stinger","On/Off Tool for 9 5/8"" Packer 4 1/2"" B x P incl. Stinger",normalized non-breaking spaces,PCS,1,active,true,COMPLETION,,COMPLETION,ERP Inventory Posting Group,high,"9 5/8""",9.62500,/api/list-options/asset_sizes,asset_size_match,"9 5/8"" -> 9 5/8"" | 4 1/2"" -> 4 1/2""",,,none,9/21/2025 10:18 PM,false,
74,1fb54d80-2e87-f011-b419-002248cb9746,3100067,3100067,"Bull Plug 2 7/8"" EU B","Bull Plug 2 7/8"" EU B",normalized non-breaking spaces,PCS,2,active,true,COMPLETION,,COMPLETION,ERP Inventory Posting Group,high,"2 7/8""",2.87500,Current database,existing,"2 7/8"" -> 2 7/8""",,,none,9/21/2025 10:18 PM,false,
75,962f5b39-0b3e-f011-be59-6045bd157c64,5100315-1-1,5100315-1-1,"7"" 26#- WIPER PLUG, SINGLE WITH DOUBLE BALL SEAT INCL. SETTING BALL PDC DRILLABLE","7"" 26#- WIPER PLUG, SINGLE WITH DOUBLE BALL SEAT INCL. SETTING BALL PDC DRILLABLE",normalized non-breaking spaces,PCS,0,active,true,COMPLETION,,COMPLETION,ERP Inventory Posting Group,high,"7""",7.00000,/api/list-options/asset_sizes,asset_size_match,"7"" -> 7""",,,none,9/7/2025 10:32 AM,false,
76,632f5b39-0b3e-f011-be59-6045bd157c64,5100315-2-004,5100315-2-004,5''BTC Box Pressure test Cap,"5""BTC Box Pressure test Cap",normalized non-breaking spaces; normalized inch marks,PCS,0,active,true,COMPLETION,,COMPLETION,ERP Inventory Posting Group,high,"5""",5.00000,/api/list-options/asset_sizes,asset_size_match,"5"" -> 5""",,,none,3/2/2026 2:29 PM,false,
77,9b2f5b39-0b3e-f011-be59-6045bd157c64,5100315-3-1,5100315-3-1,"7"" 29#- WIPER PLUG, SINGLE WITH DOUBLE BALL SEAT INCL. SETTING BALL PDC DRILLABLE +  ","7"" 29#- WIPER PLUG, SINGLE WITH DOUBLE BALL SEAT INCL. SETTING BALL PDC DRILLABLE +",normalized non-breaking spaces,PCS,0,active,true,COMPLETION,,COMPLETION,ERP Inventory Posting Group,high,"7""",7.00000,/api/list-options/asset_sizes,asset_size_match,"7"" -> 7""",,,none,9/7/2025 10:32 AM,false,
78,4b2f5b39-0b3e-f011-be59-6045bd157c64,5100315-5,5100315-5,7.5K USED PRESSURE TEST PUMP WITH 5M PRESSURE TEST CABLE + FITTINGS,7.5K USED PRESSURE TEST PUMP WITH 5M PRESSURE TEST CABLE + FITTINGS,normalized non-breaking spaces,PCS,0,active,true,COMPLETION,,COMPLETION,ERP Inventory Posting Group,high,,,,blank_allowed,,,,none,3/5/2026 11:53 AM,false,
79,a52f5b39-0b3e-f011-be59-6045bd157c64,5100315-8,5100315-8,"7"" 32# PACK OFF BUSHING WITH INNER V-SHAPED SEALING AND OUTER O-RING  SEALING","7"" 32# PACK OFF BUSHING WITH INNER V-SHAPED SEALING AND OUTER O-RING SEALING",normalized non-breaking spaces; normalized spacing and punctuation,PCS,0,active,true,COMPLETION,,COMPLETION,ERP Inventory Posting Group,high,"7""",7.00000,Description,high,"7"" -> 7""",,,none,9/7/2025 10:32 AM,false,
80,52cfe82a-2187-f011-b419-002248cb9746,66.00.2911,66.00.2911,"7"" 26# Liner Hanger Packer System Casing 9 5/8"" 43.5# ","7"" 26# Liner Hanger Packer System Casing 9 5/8"" 43.5#",normalized non-breaking spaces,PCS,1,active,true,COMPLETION,,COMPLETION,ERP Inventory Posting Group,high,,,/api/list-options/asset_sizes,blank_allowed,"7"" -> 7"" | 9 5/8"" -> 9 5/8""",,,none,9/21/2025 10:18 PM,false,
81,9efac950-3287-f011-b419-002248cb9746,66.01.3666,66.01.3666,"7"" 26# Reamer Shoe, Single Valve Thread BTC","7"" 26# Reamer Shoe, Single Valve Thread BTC",normalized non-breaking spaces,PCS,1,active,true,COMPLETION,,COMPLETION,ERP Inventory Posting Group,high,"7""",7.00000,Description,high,"7"" -> 7""",,,none,9/24/2025 4:08 PM,false,
82,ca8b6e84-c87d-f011-8eef-002248d3581c,BS0700-0812-01,BS0700-0812-01,"7""×8 1/2""JO BS 7” rotating liner centralizers to RUN IN 8.5"" hole section with stop collars","7""×8 1/2""JO BS 7"" rotating liner centralizers to RUN IN 8.5"" hole section with stop collars",normalized non-breaking spaces; normalized inch marks,PCS,50,active,true,COMPLETION,,COMPLETION,ERP Inventory Posting Group,high,,,/api/list-options/asset_sizes,blank_allowed,"7"" -> 7"" | 8 1/2"" -> 8 1/2""",,,none,2/22/2026 10:53 AM,false,
83,7ac6a4b1-c77d-f011-8eef-002248d3581c,OS0700-0812-01,OS0700-0812-01,"7""×OD8 1/2""OS 7” rotating liner centralizers to RUN IN 8.5"" hole section with stop collars","7""×OD8 1/2""OS 7"" rotating liner centralizers to RUN IN 8.5"" hole section with stop collars",normalized non-breaking spaces; normalized inch marks,PCS,50,active,true,COMPLETION,,COMPLETION,ERP Inventory Posting Group,high,,,/api/list-options/asset_sizes,blank_allowed,"7"" -> 7"" | 8 1/2"" -> 8 1/2""",,,none,2/22/2026 10:53 AM,false,
84,b9040cd3-c87d-f011-8eef-002248d3581c,RC0700-0814-01,RC0700-0814-01,"7""×8 1/2""(OD 8 1/4'') RC 7” rotating liner centralizers to run in 8.5” hole section with stop collar","7""×8 1/2""(OD 8 1/4"") RC 7"" rotating liner centralizers to run in 8.5"" hole section with stop collar",normalized non-breaking spaces; normalized inch marks,PCS,50,active,true,COMPLETION,,COMPLETION,ERP Inventory Posting Group,high,,,/api/list-options/asset_sizes,blank_allowed,"7"" -> 7"" | 8 1/2"" -> 8 1/2"" | 8 1/4"" -> 8 1/4""",,,none,2/22/2026 10:52 AM,false,
85,f788f6ef-ff7c-f011-8eef-002248d3581c,SOT-002,SOT-002,Hinge Welded Spring Bow Centralizer 7” X 8 1/2” 23 lb/ft,"Hinge Welded Spring Bow Centralizer 7"" X 8 1/2"" 23 lb/ft",normalized non-breaking spaces; normalized inch marks,PCS,0,active,true,COMPLETION,,COMPLETION,ERP Inventory Posting Group,high,,,/api/list-options/asset_sizes,blank_allowed,"7"" -> 7"" | 8 1/2"" -> 8 1/2""",,,none,2/22/2026 10:52 AM,false,
86,f972316f-1a34-f111-bec2-70a8a51df30e,SOT-009,SOT-009,4 1/2” X 5 7/8” Single Piece Centralizer,"4 1/2"" X 5 7/8"" Single Piece Centralizer",normalized non-breaking spaces; normalized inch marks,PCS,70,active,true,COMPLETION,,COMPLETION,ERP Inventory Posting Group,high,"5 7/8""",5.87500,/api/list-options/asset_sizes,asset_size_match,"4 1/2"" -> 4 1/2"" | 5 7/8"" -> 5 7/8""",,,none,4/28/2026 11:01 AM,false,
87,3ee8c710-5482-f011-a708-002248d3581c,SOT-021,SOT-021,"AL. Sprial Vane Solid Rigid Solid Centralizer 7 x 8 1/2""","AL. Spiral Vane Solid Rigid Solid Centralizer 7 x 8 1/2""",normalized non-breaking spaces; corrected spelling to Spiral,PCS,50,active,true,COMPLETION,,COMPLETION,ERP Inventory Posting Group,high,"8 1/2""",8.50000,/api/list-options/asset_sizes,asset_size_match,"8 1/2"" -> 8 1/2""",,,none,2/19/2026 12:00 PM,false,
88,2e094ccd-5582-f011-a708-002248d3581c,SOT-043,SOT-043,"Slip-On Stop Collar 7 x 8 1/2""","Slip-On Stop Collar 7 x 8 1/2""",normalized non-breaking spaces,PCS,100,active,true,COMPLETION,,COMPLETION,ERP Inventory Posting Group,high,"8 1/2""",8.50000,/api/list-options/asset_sizes,asset_size_match,"8 1/2"" -> 8 1/2""",,,none,2/19/2026 12:00 PM,false,
89,ab4f92b4-1a34-f111-bec2-70a8a51df30e,SOT-043.,SOT-043.,4 1/2” Slip On Set Screw Stop Collar,"4 1/2"" Slip On Set Screw Stop Collar",normalized non-breaking spaces; normalized inch marks,PCS,140,active,true,COMPLETION,,COMPLETION,ERP Inventory Posting Group,high,,,/api/list-options/asset_sizes,blank_allowed,"4 1/2"" -> 4 1/2""",,,none,4/28/2026 11:01 AM,false,
90,b6460186-907d-f011-8eef-6045bd6aa283,SOT-074,SOT-074,"7” Reamer Float Shoe, 26 lb/ft, L-80","7"" Reamer Float Shoe, 26 lb/ft, L-80",normalized non-breaking spaces; normalized inch marks,PCS,1,active,true,COMPLETION,,COMPLETION,ERP Inventory Posting Group,high,"7""",7.00000,Description,high,"7"" -> 7""",,,none,3/5/2026 11:45 AM,false,
91,fead0da8-774b-f111-a820-7ced8d57d948,SOT-074-13 3/8,SOT-074-13 3/8,"13 3/8 ,Eccentric Reamer Shoe PPF 68 ib/ft L80 BTC Connection","13 3/8, Eccentric Reamer Shoe PPF 68 ib/ft L80 BTC Connection",normalized non-breaking spaces; normalized spacing and punctuation,PCS,1,active,true,COMPLETION,,COMPLETION,ERP Inventory Posting Group,high,"13 3/8""",13.37500,Description,high,"13 3/8 -> 13 3/8""",,,none,6/8/2026 10:36 AM,false,
92,2e75bd80-0437-f111-bec2-70a8a51df30e,WC-103173011500,WC-103173011500,"TIE BACK RECEPTACLE 14 FT LONG #9 5/8'' #(WC-10302)MAT: L80, BOTTOM CONNECTION (Y) : 7.50","TIE BACK RECEPTACLE 14 FT LONG #9 5/8"" #(WC-10302)MAT: L80, BOTTOM CONNECTION (Y): 7.50",normalized non-breaking spaces; normalized inch marks; normalized spacing and punctuation,PCS,0,active,true,COMPLETION,,COMPLETION,ERP Inventory Posting Group,high,"9 5/8""",9.62500,/api/list-options/asset_sizes,asset_size_match,"9 5/8"" -> 9 5/8""",,,none,4/13/2026 1:05 PM,false,
93,06eba539-0537-f111-bec2-70a8a51df30e,WC-104564011401,WC-104564011401,"SETTING COLLAR #7""(23 PPF) (WC-10412)MATL.:L80,ELASTOMER: HNBR,TOP CONN: HRT-E PROFILE BOTTOM CONN Y","SETTING COLLAR #7""(23 PPF) (WC-10412)MATL.: L80, ELASTOMER: HNBR, TOP CONN: HRT-E PROFILE BOTTOM CONN Y",normalized non-breaking spaces; normalized spacing and punctuation,PCS,0,active,true,COMPLETION,,COMPLETION,ERP Inventory Posting Group,high,"7""",7.00000,/api/list-options/asset_sizes,asset_size_match,"7"" -> 7""",,,none,4/13/2026 10:57 AM,false,
94,8f43fb17-1437-f111-bec2-70a8a51df30e,WC-106425010109,WC-106425010109,"DOUBLE VALVE SHOE WITH ECCENTRIC NOSE & SIDE PORT # 7"" ( 23 PPF ) ( WC-10616)","DOUBLE VALVE SHOE WITH ECCENTRIC NOSE & SIDE PORT # 7"" (23 PPF) (WC-10616)",normalized non-breaking spaces; normalized spacing and punctuation,PCS,0,active,true,COMPLETION,,COMPLETION,ERP Inventory Posting Group,high,"7""",7.00000,/api/list-options/asset_sizes,asset_size_match,"7"" -> 7""",,,none,4/13/2026 12:39 PM,false,
95,944445ac-1437-f111-bec2-70a8a51df30e,WC-108061190012,WC-108061190012,"LINER WIPER PLUG #7""(17-35 PPF)(WC-10801)ALUMINIUM ,ELASTOMER NITRILE  ","LINER WIPER PLUG #7""(17-35 PPF)(WC-10801)ALUMINIUM, ELASTOMER NITRILE",normalized non-breaking spaces; normalized spacing and punctuation,PCS,0,active,true,COMPLETION,,COMPLETION,ERP Inventory Posting Group,high,"7""",7.00000,/api/list-options/asset_sizes,asset_size_match,"7"" -> 7""",,,none,4/13/2026 12:43 PM,false,
96,df2d7e71-1537-f111-bec2-70a8a51df30e,WC-110746000004R,WC-110746000004R,"REDRESS KIT FOR  HRT-E RUNNING TOOL # 7"", 23 PPF  ( WC-11006 )","REDRESS KIT FOR HRT-E RUNNING TOOL # 7"", 23 PPF (WC-11006)",normalized non-breaking spaces; normalized spacing and punctuation,PCS,0,active,true,COMPLETION,,COMPLETION,ERP Inventory Posting Group,high,"7""",7.00000,Description,high,"7"" -> 7""",,,none,4/13/2026 12:48 PM,false,
97,59892546-1537-f111-bec2-70a8a51df30e,WC-111674100604R,WC-111674100604R,"REDRESS KIT FOR  ROTATING PACKER SETTING TOOL  # 9 5/8'' X 7"" ( WC-11106)","REDRESS KIT FOR ROTATING PACKER SETTING TOOL # 9 5/8"" X 7"" (WC-11106)",normalized non-breaking spaces; normalized inch marks; normalized spacing and punctuation,PCS,0,active,true,COMPLETION,,COMPLETION,ERP Inventory Posting Group,high,,,/api/list-options/asset_sizes,blank_allowed,"9 5/8"" -> 9 5/8"" | 7"" -> 7""",,,none,4/13/2026 12:47 PM,false,
98,ac52df20-1537-f111-bec2-70a8a51df30e,WC-113010100000R,WC-113010100000R,"REDRESS KIT FOR JUNK SCREEN # 9 5/8"" ( WC-11301)","REDRESS KIT FOR JUNK SCREEN # 9 5/8"" (WC-11301)",normalized non-breaking spaces; normalized spacing and punctuation,PCS,0,active,true,COMPLETION,,COMPLETION,ERP Inventory Posting Group,high,"9 5/8""",9.62500,Description,high,"9 5/8"" -> 9 5/8""",,,none,4/13/2026 12:46 PM,false,
99,44d82ccc-0837-f111-bec2-70a8a51df30e,WC-114054010101,WC-114054010101,"LANDING COLLAR WITH BALL CATCHER SUB # 7"" (23 PPF ) ( WC-11401) L80 , ELASTOMER : HNBR TOP CONN","LANDING COLLAR WITH BALL CATCHER SUB # 7"" (23 PPF) (WC-11401) L80, ELASTOMER: HNBR TOP CONN",normalized non-breaking spaces; normalized spacing and punctuation,PCS,0,active,true,COMPLETION,,COMPLETION,ERP Inventory Posting Group,high,"7""",7.00000,/api/list-options/asset_sizes,asset_size_match,"7"" -> 7""",,,none,4/13/2026 12:34 PM,false,
100,dd2e0a93-1637-f111-bec2-70a8a51df30e,WC-116260101104R,WC-116260101104R,"REDRESS KIT FOR SWAB CUP PACKER # 7"" (23~26 PPF ) ( WC-11601 )","REDRESS KIT FOR SWAB CUP PACKER # 7"" (23~26 PPF) (WC-11601)",normalized non-breaking spaces; normalized spacing and punctuation,PCS,0,active,true,COMPLETION,,COMPLETION,ERP Inventory Posting Group,high,"7""",7.00000,Description,high,"7"" -> 7""",,,none,4/13/2026 12:56 PM,false,
101,cd83ecb4-1537-f111-bec2-70a8a51df30e,WC-118032101104R,WC-118032101104R,"REDRESS KIT FOR SEAL JOINT FOR RPOB SIZE : # 3 1/2"" X 15' ( WC-11801 )","REDRESS KIT FOR SEAL JOINT FOR RPOB SIZE: # 3 1/2"" X 15' (WC-11801)",normalized non-breaking spaces; normalized spacing and punctuation,PCS,0,active,true,COMPLETION,,COMPLETION,ERP Inventory Posting Group,high,"3 1/2""",3.50000,Description,high,"3 1/2"" -> 3 1/2""",,,none,4/13/2026 12:51 PM,false,
102,f486a013-1637-f111-bec2-70a8a51df30e,WC-121116101104R,WC-121116101104R,REDRESS KIT FOR   TUBING SWIVEL SUB # 3 1/2'' ( WC-12102 ),"REDRESS KIT FOR TUBING SWIVEL SUB # 3 1/2"" (WC-12102)",normalized non-breaking spaces; normalized inch marks; normalized spacing and punctuation,PCS,0,active,true,COMPLETION,,COMPLETION,ERP Inventory Posting Group,high,"3 1/2""",3.50000,Description,high,"3 1/2"" -> 3 1/2""",,,none,4/13/2026 12:52 PM,false,
103,b50e728f-1537-f111-bec2-70a8a51df30e,WC-122801100004R,WC-122801100004R,"REDRESS KIT FOR   RETRIEVABLE PACK-OFF BUSHING # 7"", FOR SEAL BORE 6.350"" (  WC-12207 )","REDRESS KIT FOR RETRIEVABLE PACK-OFF BUSHING # 7"", FOR SEAL BORE 6.350"" (WC-12207)",normalized non-breaking spaces; normalized spacing and punctuation,PCS,0,active,true,COMPLETION,,COMPLETION,ERP Inventory Posting Group,high,"7""",7.00000,/api/list-options/asset_sizes,asset_size_match,"7"" -> 7"" | 6.350"" -> 6 11/32""",,,none,4/13/2026 12:49 PM,false,
104,6cfda2d7-1637-f111-bec2-70a8a51df30e,WC-138000101104R,WC-138000101104R,"REDRESS KIT FOR  LINER WIPER PLUG CONNECTOR : # 3 1/2"" ( WC-13801 ) ","REDRESS KIT FOR LINER WIPER PLUG CONNECTOR: # 3 1/2"" (WC-13801)",normalized non-breaking spaces; normalized spacing and punctuation,PCS,0,active,true,COMPLETION,,COMPLETION,ERP Inventory Posting Group,high,"3 1/2""",3.50000,Description,high,"3 1/2"" -> 3 1/2""",,,none,4/13/2026 12:58 PM,false,
105,eb0b52b1-1637-f111-bec2-70a8a51df30e,WC-202605101104R,WC-202605101104R,REDRESS KIT FOR HYDRO TRIP PRESSURE SUB # 3 1/2'' ( WC-20122 ),"REDRESS KIT FOR HYDRO TRIP PRESSURE SUB # 3 1/2"" (WC-20122)",normalized non-breaking spaces; normalized inch marks; normalized spacing and punctuation,PCS,0,active,true,COMPLETION,,COMPLETION,ERP Inventory Posting Group,high,"3 1/2""",3.50000,Description,high,"3 1/2"" -> 3 1/2""",,,none,4/13/2026 12:57 PM,false,
106,6a7112c1-1337-f111-bec2-70a8a51df30e,WC-392169010109,WC-392169010109,"CEMENT FLOAT COLLAR WITH SINGLE VALVE #  7"" ( 23 PPF ) ( WC-30201)","CEMENT FLOAT COLLAR WITH SINGLE VALVE # 7"" (23 PPF) (WC-30201)",normalized non-breaking spaces; normalized spacing and punctuation,PCS,0,active,true,COMPLETION,,COMPLETION,ERP Inventory Posting Group,high,"7""",7.00000,Description,high,"7"" -> 7""",,,none,4/13/2026 12:37 PM,false,
107,fbe289a9-ee42-f111-a820-6045bd1541de,WC-L03519460012,WC-L03519460012,"ANTI ROTATIONAL TOP PLUG #  7"" (17-41 PPF) (WC-30501)","ANTI ROTATIONAL TOP PLUG # 7"" (17-41 PPF) (WC-30501)",normalized non-breaking spaces; normalized spacing and punctuation,PCS,0,active,true,COMPLETION,,COMPLETION,ERP Inventory Posting Group,high,"7""",7.00000,/api/list-options/asset_sizes,asset_size_match,"7"" -> 7""",,,none,4/28/2026 2:43 PM,false,
108,057d800e-ee42-f111-a820-6045bd1541de,WC-L03539460012,WC-L03539460012,"ANTI ROTATIONAL BOTTOM PLUG # 7"" (17-41 PPF) (WC-30601)","ANTI ROTATIONAL BOTTOM PLUG # 7"" (17-41 PPF) (WC-30601)",normalized non-breaking spaces,PCS,0,active,true,COMPLETION,,COMPLETION,ERP Inventory Posting Group,high,"7""",7.00000,/api/list-options/asset_sizes,asset_size_match,"7"" -> 7""",,,none,4/28/2026 2:38 PM,false,
109,9c3d437b-1437-f111-bec2-70a8a51df30e,WC-L04507190012,WC-L04507190012,"DRILL WIPER PLUG #5'' ~ 5 1/2""# (WC-10903)ALUMINIUM , ELASTOMER : NITRILE ","DRILL WIPER PLUG #5"" ~ 5 1/2""# (WC-10903)ALUMINIUM, ELASTOMER: NITRILE",normalized non-breaking spaces; normalized inch marks; normalized spacing and punctuation,PCS,0,active,true,COMPLETION,,COMPLETION,ERP Inventory Posting Group,high,"5""",5.00000,/api/list-options/asset_sizes,asset_size_match,"5"" -> 5"" | 5 1/2"" -> 5 1/2""",,,none,4/13/2026 12:45 PM,false,
110,892b7ccf-ec42-f111-a820-6045bd1541de,WC-L05256010309,WC-L05256010309,"CEMENT FLOAT SHOE W/ SINGLE VALVE # 7"" (23 PPF) (WC-30101)L80, ELASTOMER HNBR, TOP CONN (X) 7''23 PP","CEMENT FLOAT SHOE W/ SINGLE VALVE # 7"" (23 PPF) (WC-30101)L80, ELASTOMER HNBR, TOP CONN (X) 7""23 PP",normalized non-breaking spaces; normalized inch marks,PCS,0,active,true,COMPLETION,,COMPLETION,ERP Inventory Posting Group,high,"7""",7.00000,Description,high,"7"" -> 7""",,,none,4/28/2026 2:31 PM,false,
111,a3c17c76-ed42-f111-a820-6045bd1541de,WC-L05368010309,WC-L05368010309,"ANTI ROTATIONAL CEMENT FLOAT COLLAR WITH SINGLE VALVE # 7"" (23 PPF) (WC-30204)","ANTI ROTATIONAL CEMENT FLOAT COLLAR WITH SINGLE VALVE # 7"" (23 PPF) (WC-30204)",normalized non-breaking spaces,PCS,0,active,true,COMPLETION,,COMPLETION,ERP Inventory Posting Group,high,"7""",7.00000,Description,high,"7"" -> 7""",,,none,4/28/2026 2:33 PM,false,
112,f00c4216-0637-f111-bec2-70a8a51df30e,WC-L09608010101,WC-L09608010101,"ROTATING HYDRAULIC LINER HANGER PACKER # 9 5/8"" X 7'' ( WC-13302 )","ROTATING HYDRAULIC LINER HANGER PACKER # 9 5/8"" X 7"" (WC-13302)",normalized non-breaking spaces; normalized inch marks; normalized spacing and punctuation,PCS,0,active,true,COMPLETION,,COMPLETION,ERP Inventory Posting Group,high,,,/api/list-options/asset_sizes,blank_allowed,"9 5/8"" -> 9 5/8"" | 7"" -> 7""",,,none,4/13/2026 11:05 AM,false,
113,6d974f43-3234-f111-bec2-70a8a51df30e,WC-Z00213620000,WC-Z00213620000,"SINGLE PIECE BOW SPRING CENTRALIZER # 4 1/2"" X 5 7/8"" ID : 4.590"" , OD : 5.875"" ,HEIGHT : 8.500"" ","SINGLE PIECE BOW SPRING CENTRALIZER # 4 1/2"" X 5 7/8"" ID: 4.590"", OD: 5.875"", HEIGHT: 8.500""",normalized non-breaking spaces; normalized spacing and punctuation,PCS,0,active,true,COMPLETION,,COMPLETION,ERP Inventory Posting Group,high,,,/api/list-options/asset_sizes,blank_allowed,"4 1/2"" -> 4 1/2"" | 5 7/8"" -> 5 7/8"" | 4.590"" -> 4 19/32"" | 8.500"" -> 8 1/2""",,,none,4/9/2026 8:43 PM,false,
114,40c8b8b6-3234-f111-bec2-70a8a51df30e,WC-Z00781370000,WC-Z00781370000,"SLIP ON STOP COLLAR W/ SET SCREW #4 1/2""(WC-40904)ID:4.590"" OD :5.062"",HEIGHT: 1.496""","SLIP ON STOP COLLAR W/ SET SCREW #4 1/2""(WC-40904)ID: 4.590"" OD: 5.062"", HEIGHT: 1.496""",normalized non-breaking spaces; normalized spacing and punctuation,PCS,0,active,true,COMPLETION,,COMPLETION,ERP Inventory Posting Group,high,,,/api/list-options/asset_sizes,blank_allowed,"4 1/2"" -> 4 1/2"" | 4.590"" -> 4 19/32"" | 5.062"" -> 5 1/16"" | 1.496"" -> 1 1/2""",,,none,4/9/2026 8:42 PM,false,
115,6b7c6c27-0b3e-f011-be59-6045bd157c64,10146193.13,10146193.13,C55 HEX 13,C55 HEX 13,normalized non-breaking spaces,PCS,0,active,true,DHT,,,ERP Inventory Posting Group,blank_allowed,,,,blank_allowed,,,,none,9/7/2025 10:32 AM,false,
116,6d7c6c27-0b3e-f011-be59-6045bd157c64,10168645,10168645,NZW C55 HEX 15MM,NZW C55 HEX 15MM,normalized non-breaking spaces,PCS,0,active,true,DHT,,,ERP Inventory Posting Group,blank_allowed,,,,blank_allowed,,,,none,9/7/2025 10:32 AM,false,
117,5dfa6433-0b3e-f011-be59-6045bd157c64,6703K,6703K,"18/32"" NOZZLE","18/32"" NOZZLE",normalized non-breaking spaces,PCS,0,active,true,DHT,,,ERP Inventory Posting Group,blank_allowed,,,/api/list-options/asset_sizes,blank_allowed,"18/32"" -> 9/16""",,,none,9/7/2025 10:32 AM,false,
118,55d9486c-b405-f111-8405-70a8a5229062,ST65-06-SK,ST65-06-SK,"SERVICE KIT 6 1/2"" SHOCK TOOL","SERVICE KIT 6 1/2"" SHOCK TOOL",normalized non-breaking spaces,PCS,10,active,true,DHT,,SHOCK SUB,ERP Inventory Posting Group + name,high,"6 1/2""",6.50000,Description,high,"6 1/2"" -> 6 1/2""",,,none,3/10/2026 1:01 PM,false,
119,4e9eb3b8-b405-f111-8405-70a8a5229062,ST80-07-SK,ST80-07-SK,"SERVICE KIT 8""SHOCK TOOL","SERVICE KIT 8""SHOCK TOOL",normalized non-breaking spaces,PCS,10,active,true,DHT,,SHOCK SUB,ERP Inventory Posting Group + name,high,"8""",8.00000,Description,high,"8"" -> 8""",,,none,3/10/2026 1:01 PM,false,
120,73fa6433-0b3e-f011-be59-6045bd157c64,10539333,10539333,"8 1/2"" Drill Bit VAREL VB616","8 1/2"" Drill Bit VAREL VB616",normalized non-breaking spaces,PCS,1,active,true,DRILLBITS,"8 1/2"" BITS",BIT,ERP Item Category Code,high,"8 1/2""",8.50000,ERP Item Category Code,high,"8 1/2"" -> 8 1/2""",,,none,6/28/2026 4:17 PM,false,
121,75fa6433-0b3e-f011-be59-6045bd157c64,13314442,13314442,"12 1/4"" Halliburton 716 ","12 1/4"" Halliburton 716",normalized non-breaking spaces,PCS,1,active,true,DRILLBITS,"12 1/4"" BITS",BIT,ERP Item Category Code,high,"12 1/4""",12.25000,ERP Item Category Code,high,"12 1/4"" -> 12 1/4""",,,none,2/25/2026 9:29 AM,false,
122,77fa6433-0b3e-f011-be59-6045bd157c64,13314443,13314443,"12 1/4"" Haliburton 716 ","12 1/4"" Halliburton 716",normalized non-breaking spaces; corrected spelling to Halliburton,PCS,1,active,true,DRILLBITS,"12 1/4"" BITS",BIT,ERP Item Category Code,high,"12 1/4""",12.25000,ERP Item Category Code,high,"12 1/4"" -> 12 1/4""",,,none,2/25/2026 9:22 AM,false,
123,79fa6433-0b3e-f011-be59-6045bd157c64,13314444,13314444,"12 1/4"" Haliburton 716 ","12 1/4"" Halliburton 716",normalized non-breaking spaces; corrected spelling to Halliburton,PCS,1,active,true,DRILLBITS,"12 1/4"" BITS",BIT,ERP Item Category Code,high,"12 1/4""",12.25000,ERP Item Category Code,high,"12 1/4"" -> 12 1/4""",,,none,6/28/2026 4:12 PM,false,
124,7bfa6433-0b3e-f011-be59-6045bd157c64,13314445,13314445,"12 1/4"" Haliburton 716 ","12 1/4"" Halliburton 716",normalized non-breaking spaces; corrected spelling to Halliburton,PCS,1,active,true,DRILLBITS,"12 1/4"" BITS",BIT,ERP Item Category Code,high,"12 1/4""",12.25000,ERP Item Category Code,high,"12 1/4"" -> 12 1/4""",,,none,2/25/2026 9:22 AM,false,
125,7dfa6433-0b3e-f011-be59-6045bd157c64,13314446,13314446,"12 1/4"" Haliburton 716 ","12 1/4"" Halliburton 716",normalized non-breaking spaces; corrected spelling to Halliburton,PCS,1,active,true,DRILLBITS,"12 1/4"" BITS",BIT,ERP Item Category Code,high,"12 1/4""",12.25000,ERP Item Category Code,high,"12 1/4"" -> 12 1/4""",,,none,5/25/2026 9:57 AM,false,
126,7ffa6433-0b3e-f011-be59-6045bd157c64,13314448,13314448,"12 1/4"" Haliburton 716 ","12 1/4"" Halliburton 716",normalized non-breaking spaces; corrected spelling to Halliburton,PCS,1,active,true,DRILLBITS,"12 1/4"" BITS",BIT,ERP Item Category Code,high,"12 1/4""",12.25000,ERP Item Category Code,high,"12 1/4"" -> 12 1/4""",,,none,2/24/2026 11:30 AM,false,
127,04853b6c-b148-f111-a820-70a8a5227214,13589168,13589168,"8 1/2"" New Haliburton GTi65WRMHE Matrix PDC BIT","8 1/2"" New Halliburton GTi65WRMHE Matrix PDC BIT",normalized non-breaking spaces; corrected spelling to Halliburton,PCS,0,active,true,DRILLBITS,"8 1/2"" BITS",BIT,ERP Item Category Code,high,"8 1/2""",8.50000,ERP Item Category Code,high,"8 1/2"" -> 8 1/2""",,,none,6/8/2026 3:59 PM,false,
128,f4149964-ea1d-f111-8340-7ced8d7a9b43,13590200,13590200,"12.25"" Haliburton GTi75WRHE 716 PDC","12.25"" Halliburton GTi75WRHE 716 PDC",normalized non-breaking spaces; corrected spelling to Halliburton,PCS,1,active,true,DRILLBITS,"12 1/4"" BITS",BIT,ERP Item Category Code,high,"12 1/4""",12.25000,ERP Item Category Code,high,"12.25"" -> 12 1/4""",,,none,5/24/2026 4:26 PM,false,
129,96db972d-ea1d-f111-8340-7ced8d7a9b43,13590201,13590201,"12.25"" Haliburton GTi75WRHE 716 PDC","12.25"" Halliburton GTi75WRHE 716 PDC",normalized non-breaking spaces; corrected spelling to Halliburton,PCS,1,active,true,DRILLBITS,"12 1/4"" BITS",BIT,ERP Item Category Code,high,"12 1/4""",12.25000,ERP Item Category Code,high,"12.25"" -> 12 1/4""",,,none,6/8/2026 4:05 PM,false,
130,716e29a9-efb3-f011-bbd1-0022480d7431,13590202,13590202,"12.25"" Haliburton GTi75WRHE 716 PDC","12.25"" Halliburton GTi75WRHE 716 PDC",normalized non-breaking spaces; corrected spelling to Halliburton,PCS,1,active,true,DRILLBITS,"12 1/4"" BITS",BIT,ERP Item Category Code,high,"12 1/4""",12.25000,ERP Item Category Code,high,"12.25"" -> 12 1/4""",,,none,6/8/2026 4:05 PM,false,
131,1bd68535-da0f-f111-8405-0022480d8a93,13590203,13590203,"12.25"" Haliburton GTi75WRHE 716 PDC","12.25"" Halliburton GTi75WRHE 716 PDC",normalized non-breaking spaces; corrected spelling to Halliburton,PCS,0,active,true,DRILLBITS,"12 1/4"" BITS",BIT,ERP Item Category Code,high,"12 1/4""",12.25000,ERP Item Category Code,high,"12.25"" -> 12 1/4""",,,none,2/22/2026 3:46 PM,false,
132,8c10920e-ea1d-f111-8340-7ced8d7a9b43,13730516,13730516,"12.25"" Haliburton GTi75WRHE 716 PDC","12.25"" Halliburton GTi75WRHE 716 PDC",normalized non-breaking spaces; corrected spelling to Halliburton,PCS,1,active,true,DRILLBITS,"12 1/4"" BITS",BIT,ERP Item Category Code,high,"12 1/4""",12.25000,ERP Item Category Code,high,"12.25"" -> 12 1/4""",,,none,5/25/2026 9:57 AM,false,
133,d967e6cf-e91d-f111-8340-7ced8d7a9b43,13730517,13730517,"12.25"" Haliburton GTi75WRHE 716 PDC","12.25"" Halliburton GTi75WRHE 716 PDC",normalized non-breaking spaces; corrected spelling to Halliburton,PCS,1,active,true,DRILLBITS,"12 1/4"" BITS",BIT,ERP Item Category Code,high,"12 1/4""",12.25000,ERP Item Category Code,high,"12.25"" -> 12 1/4""",,,none,6/2/2026 5:00 PM,false,
134,7ae60c1b-ea1d-f111-8340-7ced8d7a9b43,13744271,13744271,"12.25"" Haliburton GTi75WRHE 716 PDC","12.25"" Halliburton GTi75WRHE 716 PDC",normalized non-breaking spaces; corrected spelling to Halliburton,PCS,1,active,true,DRILLBITS,"12 1/4"" BITS",BIT,ERP Item Category Code,high,"12 1/4""",12.25000,ERP Item Category Code,high,"12.25"" -> 12 1/4""",,,none,6/8/2026 4:05 PM,false,
135,2a8ee4c6-b048-f111-a820-70a8a5227214,13913465,13913465,"12 1/4"" New Haliburton SF75DH  716 Steel  PDC Bit","12 1/4"" New Halliburton SF75DH 716 Steel PDC Bit",normalized non-breaking spaces; corrected spelling to Halliburton; normalized spacing and punctuation,PCS,0,active,true,DRILLBITS,"12 1/4"" BITS",BIT,ERP Item Category Code,high,"12 1/4""",12.25000,ERP Item Category Code,high,"12 1/4"" -> 12 1/4""",,,none,6/28/2026 4:12 PM,false,
136,2b20a60f-875f-f111-ab09-70a8a51ea506,13913488,13913488,"12 1/4"" New Haliburton SF75DH  716 Steel  PDC Bit","12 1/4"" New Halliburton SF75DH 716 Steel PDC Bit",normalized non-breaking spaces; corrected spelling to Halliburton; normalized spacing and punctuation,PCS,1,active,true,DRILLBITS,"12 1/4"" BITS",BIT,ERP Item Category Code,high,"12 1/4""",12.25000,ERP Item Category Code,high,"12 1/4"" -> 12 1/4""",,,none,6/4/2026 12:11 AM,false,
137,3d21ed55-ae5e-f111-ab09-7ced8dac0ae0,13916453,13916453,"12 1/4"" New Haliburton SF75DH Steel 716 PDC Bit","12 1/4"" New Halliburton SF75DH Steel 716 PDC Bit",normalized non-breaking spaces; corrected spelling to Halliburton,PCS,1,active,true,DRILLBITS,"12 1/4"" BITS",BIT,ERP Item Category Code,high,"12 1/4""",12.25000,ERP Item Category Code,high,"12 1/4"" -> 12 1/4""",,,none,7/1/2026 1:58 PM,false,
138,2fa62cb3-3275-f111-8070-70a8a522f7d5,13916571,13916571,"12 1/4"" New Haliburton SF75DH Steel 716 PDC Bit","12 1/4"" New Halliburton SF75DH Steel 716 PDC Bit",normalized non-breaking spaces; corrected spelling to Halliburton,PCS,1,active,true,DRILLBITS,"12 1/4"" BITS",BIT,ERP Item Category Code,high,"12 1/4""",12.25000,ERP Item Category Code,high,"12 1/4"" -> 12 1/4""",,,none,7/1/2026 1:59 PM,false,
139,0e9e35b9-3275-f111-8070-70a8a522f7d5,13916674,13916674,"12 1/4"" New Haliburton SF75DH Steel 716 PDC Bit","12 1/4"" New Halliburton SF75DH Steel 716 PDC Bit",normalized non-breaking spaces; corrected spelling to Halliburton,PCS,1,active,true,DRILLBITS,"12 1/4"" BITS",BIT,ERP Item Category Code,high,"12 1/4""",12.25000,ERP Item Category Code,high,"12 1/4"" -> 12 1/4""",,,none,7/1/2026 1:59 PM,false,
140,85fa6433-0b3e-f011-be59-6045bd157c64,1569351,1569351,"24"" Varel EV1GJMRS  IADC 115 ","24"" Varel EV1GJMRS IADC 115",normalized non-breaking spaces; normalized spacing and punctuation,PCS,1,active,true,DRILLBITS,"24"" BITS",BIT,ERP Item Category Code,high,"24""",24.00000,ERP Item Category Code,high,"24"" -> 24""",,,none,5/25/2026 9:57 AM,false,
141,009c0263-665d-f011-8eed-00224869e24f,1700728,1700728,12 ¼” Varel HE14JMRS Drill Bit,"12 1/4"" Varel HE14JMRS Drill Bit",normalized non-breaking spaces; expanded ¼ to 1/4; normalized inch marks,PCS,0,active,true,DRILLBITS,"12 1/4"" BITS",BIT,ERP Item Category Code,high,"12 1/4""",12.25000,ERP Item Category Code,high,"12 1/4"" -> 12 1/4""",,,none,6/28/2026 4:12 PM,false,
142,e819e0cf-665d-f011-8eed-00224869e24f,1723437,1723437,12 ¼” Varel HE14JMRS Drill Bit,"12 1/4"" Varel HE14JMRS Drill Bit",normalized non-breaking spaces; expanded ¼ to 1/4; normalized inch marks,PCS,1,active,true,DRILLBITS,"12 1/4"" BITS",BIT,ERP Item Category Code,high,"12 1/4""",12.25000,ERP Item Category Code,high,"12 1/4"" -> 12 1/4""",,,none,2/22/2026 4:59 PM,false,
143,3f7c6c27-0b3e-f011-be59-6045bd157c64,186904,186904,"PDC Bit 17-1/2"" (444,5)  GVS519GHR 7-5/8"" Reg 10xS65 01 LaserC","PDC Bit 17 1/2"" (444,5) GVS519GHR 7 5/8"" Reg 10xS65 01 LaserC",normalized non-breaking spaces; normalized mixed fractions; normalized spacing and punctuation,PCS,1,active,true,DRILLBITS,"17 1/2"" BITS",BIT,ERP Item Category Code,high,"17 1/2""",17.50000,ERP Item Category Code,high,"17 1/2"" -> 17 1/2"" | 7 5/8"" -> 7 5/8""",,,none,2/25/2026 9:22 AM,false,
144,3d7c6c27-0b3e-f011-be59-6045bd157c64,191452,191452,"PDC Bit 12-1/4"" (311,1) GDS616DG2HRU  6-5/8"" Reg 9xS65  06 LaserC","PDC Bit 12 1/4"" (311,1) GDS616DG2HRU 6 5/8"" Reg 9xS65 06 LaserC",normalized non-breaking spaces; normalized mixed fractions; normalized spacing and punctuation,PCS,1,active,true,DRILLBITS,"12 1/4"" BITS",BIT,ERP Item Category Code,high,"12 1/4""",12.25000,ERP Item Category Code,high,"12 1/4"" -> 12 1/4"" | 6 5/8"" -> 6 5/8""",,,none,2/25/2026 9:22 AM,false,
145,9e85c581-39af-f011-bbd0-6045bd15a787,2004141,2004141,"6"" FD713MH  ","6"" FD713MH",normalized non-breaking spaces,PCS,1,active,true,DRILLBITS,"6"" BITS",BIT,ERP Item Category Code,high,"6""",6.00000,ERP Item Category Code,high,"6"" -> 6""",,,none,2/22/2026 4:59 PM,false,
146,90e1dc4e-ad5e-f111-ab09-7ced8dac0ae0,209219,209219,"12 1/4"" New NOV RSX716M  Matrix  716 PDC Bit","12 1/4"" New NOV RSX716M Matrix 716 PDC Bit",normalized non-breaking spaces; normalized spacing and punctuation,PCS,1,active,true,DRILLBITS,"12 1/4"" BITS",BIT,ERP Item Category Code,high,"12 1/4""",12.25000,ERP Item Category Code,high,"12 1/4"" -> 12 1/4""",,,none,7/1/2026 1:47 PM,false,
147,a16c27c8-3375-f111-8070-70a8a522f7d5,210922,210922,"8 1/2"" New Varel HE14MRSV IADC 437 TCI Bits","8 1/2"" New Varel HE14MRSV IADC 437 TCI Bits",normalized non-breaking spaces,PCS,1,active,true,DRILLBITS,"8 1/2"" BITS",BIT,ERP Item Category Code,high,"8 1/2""",8.50000,ERP Item Category Code,high,"8 1/2"" -> 8 1/2""",,,none,7/6/2026 5:20 PM,false,
148,1a7c6c27-0b3e-f011-be59-6045bd157c64,2203824,2203824,TRICONE BIT 8 1/2ʺGS437G,"TRICONE BIT 8 1/2""GS437G",normalized non-breaking spaces; normalized inch marks,PCS,0,active,true,DRILLBITS,"8 1/2"" BITS",BIT,ERP Item Category Code,high,"8 1/2""",8.50000,ERP Item Category Code,high,"8 1/2"" -> 8 1/2""",,,none,2/22/2026 6:14 PM,false,
149,187c6c27-0b3e-f011-be59-6045bd157c64,2203829,2203829,TRICONE BIT 8 1/2ʺGS437G,"TRICONE BIT 8 1/2""GS437G",normalized non-breaking spaces; normalized inch marks,PCS,0,active,true,DRILLBITS,"8 1/2"" BITS",BIT,ERP Item Category Code,high,"8 1/2""",8.50000,ERP Item Category Code,high,"8 1/2"" -> 8 1/2""",,,none,2/22/2026 6:14 PM,false,
150,277c6c27-0b3e-f011-be59-6045bd157c64,2204407,2204407,TRICONE BIT  5 7/8’’ GS537G,"TRICONE BIT 5 7/8"" GS537G",normalized non-breaking spaces; normalized inch marks; normalized spacing and punctuation,PCS,1,active,true,DRILLBITS,"5 7/8"" BITS",BIT,ERP Item Category Code,high,"5 7/8""",5.87500,ERP Item Category Code,high,"5 7/8"" -> 5 7/8""",,,none,2/22/2026 4:38 PM,false,
151,9f6c27c8-3375-f111-8070-70a8a522f7d5,226819,226819,"8 1/2"" New Varel HE14MRSV IADC 437 TCI Bits","8 1/2"" New Varel HE14MRSV IADC 437 TCI Bits",normalized non-breaking spaces,PCS,1,active,true,DRILLBITS,"8 1/2"" BITS",BIT,ERP Item Category Code,high,"8 1/2""",8.50000,ERP Item Category Code,high,"8 1/2"" -> 8 1/2""",,,none,7/6/2026 5:20 PM,false,
152,297c6c27-0b3e-f011-be59-6045bd157c64,2300442,2300442,TRICONE BIT 6 1/8ʺGS517,"TRICONE BIT 6 1/8""GS517",normalized non-breaking spaces; normalized inch marks,PCS,1,active,true,DRILLBITS,"6 1/8"" BITS",BIT,ERP Item Category Code,high,"6 1/8""",6.12500,ERP Item Category Code,high,"6 1/8"" -> 6 1/8""",,,none,2/22/2026 4:38 PM,false,
153,1f7c6c27-0b3e-f011-be59-6045bd157c64,2404061,2404061,TRICONE BIT 12 1/4ʺGS437G,"TRICONE BIT 12 1/4""GS437G",normalized non-breaking spaces; normalized inch marks,PCS,0,active,true,DRILLBITS,,BIT,ERP Inventory Posting Group,high,"12 1/4""",12.25000,Description,high,"12 1/4"" -> 12 1/4""",,,none,2/22/2026 6:14 PM,false,
154,1c7c6c27-0b3e-f011-be59-6045bd157c64,2405144,2405144,TRICONE BIT 12 1/4ʺGS437G,"TRICONE BIT 12 1/4""GS437G",normalized non-breaking spaces; normalized inch marks,PCS,0,active,true,DRILLBITS,,BIT,ERP Inventory Posting Group,high,"12 1/4""",12.25000,Description,high,"12 1/4"" -> 12 1/4""",,,none,4/6/2026 4:22 PM,false,
155,2b7c6c27-0b3e-f011-be59-6045bd157c64,2405718,2405718,TRICONE BIT 6ʺGS537,"TRICONE BIT 6""GS537",normalized non-breaking spaces; normalized inch marks,PCS,0,active,true,DRILLBITS,,BIT,ERP Inventory Posting Group,high,"6""",6.00000,Description,high,"6"" -> 6""",,,none,2/22/2026 6:14 PM,false,
156,d809756f-ac5e-f111-ab09-7ced8dac0ae0,246562,246562,"8 1/2"" New Varel HE14MRSV IADC 437 TCI Bits","8 1/2"" New Varel HE14MRSV IADC 437 TCI Bits",normalized non-breaking spaces,PCS,1,active,true,DRILLBITS,"8 1/2"" BITS",BIT,ERP Item Category Code,high,"8 1/2""",8.50000,ERP Item Category Code,high,"8 1/2"" -> 8 1/2""",,,none,7/6/2026 5:18 PM,false,
157,9d6c27c8-3375-f111-8070-70a8a522f7d5,246570,246570,"8 1/2"" New Varel HE14MRSV IADC 437 TCI Bits","8 1/2"" New Varel HE14MRSV IADC 437 TCI Bits",normalized non-breaking spaces,PCS,1,active,true,DRILLBITS,"8 1/2"" BITS",BIT,ERP Item Category Code,high,"8 1/2""",8.50000,ERP Item Category Code,high,"8 1/2"" -> 8 1/2""",,,none,7/6/2026 5:21 PM,false,
158,9b6c27c8-3375-f111-8070-70a8a522f7d5,246573,246573,"8 1/2"" New Varel HE14MRSV IADC 437 TCI Bits","8 1/2"" New Varel HE14MRSV IADC 437 TCI Bits",normalized non-breaking spaces,PCS,1,active,true,DRILLBITS,"8 1/2"" BITS",BIT,ERP Item Category Code,high,"8 1/2""",8.50000,ERP Item Category Code,high,"8 1/2"" -> 8 1/2""",,,none,7/6/2026 5:19 PM,false,
159,217c6c27-0b3e-f011-be59-6045bd157c64,2500072,2500072,TRICONE BIT17 1/2ʺGS437G,"TRICONE BIT17 1/2""GS437G",normalized non-breaking spaces; normalized inch marks,PCS,1,active,true,DRILLBITS,,BIT,ERP Inventory Posting Group,high,"17 1/2""",17.50000,Description,high,"17 1/2"" -> 17 1/2""",,,none,2/22/2026 4:38 PM,false,
160,257c6c27-0b3e-f011-be59-6045bd157c64,2500074,2500074,TRICONE BIT 17 1/2ʺGS437G,"TRICONE BIT 17 1/2""GS437G",normalized non-breaking spaces; normalized inch marks,PCS,1,active,true,DRILLBITS,,BIT,ERP Inventory Posting Group,high,"17 1/2""",17.50000,Description,high,"17 1/2"" -> 17 1/2""",,,none,2/22/2026 4:38 PM,false,
161,7de0df16-ae5e-f111-ab09-7ced8dac0ae0,35083,35083,"12 1/4"" New Haliburton MM94H Matrix 913 PDC Bit","12 1/4"" New Halliburton MM94H Matrix 913 PDC Bit",normalized non-breaking spaces; corrected spelling to Halliburton,PCS,1,active,true,DRILLBITS,"12 1/4"" BITS",BIT,ERP Item Category Code,high,"12 1/4""",12.25000,ERP Item Category Code,high,"12 1/4"" -> 12 1/4""",,,none,7/1/2026 1:50 PM,false,
162,6ffa6433-0b3e-f011-be59-6045bd157c64,6008271,6008271,"8 1/2"" VB616PDGX","8 1/2"" VB616PDGX",normalized non-breaking spaces,PCS,1,active,true,DRILLBITS,"8 1/2"" BITS",BIT,ERP Item Category Code,high,"8 1/2""",8.50000,ERP Item Category Code,high,"8 1/2"" -> 8 1/2""",,,none,6/28/2026 4:17 PM,false,
163,c2e687e2-f116-f111-8340-0022480d8d6a,68245,68245,B716 YECB.931-112.000PS,B716 YECB.931-112.000PS,normalized non-breaking spaces,PCS,1,active,true,DRILLBITS,"12 1/4"" BITS",BIT,ERP Item Category Code,high,"12 1/4""",12.25000,ERP Item Category Code,high,,,,none,5/25/2026 9:57 AM,false,
164,e9531120-f0b3-f011-bbd1-0022480d7431,7014412,7014412,"12.25"" Hughes QD507HXS 716 PDC","12.25"" Hughes QD507HXS 716 PDC",normalized non-breaking spaces,PCS,1,active,true,DRILLBITS,"12 1/4"" BITS",BIT,ERP Item Category Code,high,"12 1/4""",12.25000,ERP Item Category Code,high,"12.25"" -> 12 1/4""",,,none,6/8/2026 4:03 PM,false,
165,01d48130-df0f-f111-8405-0022480d8a93,7014833,7014833,"12.25"" Hughes QD507HXS 716 PDC","12.25"" Hughes QD507HXS 716 PDC",normalized non-breaking spaces,PCS,1,active,true,DRILLBITS,"12 1/4"" BITS",BIT,ERP Item Category Code,high,"12 1/4""",12.25000,ERP Item Category Code,high,"12.25"" -> 12 1/4""",,,none,5/25/2026 10:20 AM,false,
166,2f8c02c8-e00f-f111-8405-0022480d8a93,7148338,7148338,"6.125"" Hughes TD406X","6.125"" Hughes TD406X",normalized non-breaking spaces,PCS,1,active,true,DRILLBITS,"6 1/8"" BITS",BIT,ERP Item Category Code,high,"6 1/8""",6.12500,ERP Item Category Code,high,"6.125"" -> 6 1/8""",,,none,2/22/2026 3:32 PM,false,
167,2d8c02c8-e00f-f111-8405-0022480d8a93,7148377,7148377,"6.125"" Hughes TD406X","6.125"" Hughes TD406X",normalized non-breaking spaces,PCS,1,active,true,DRILLBITS,"6 1/8"" BITS",BIT,ERP Item Category Code,high,"6 1/8""",6.12500,ERP Item Category Code,high,"6.125"" -> 6 1/8""",,,none,2/22/2026 3:32 PM,false,
168,706eee51-f0b3-f011-bbd1-0022480d7431,7151884,7151884,"6.125"" Hughes TD406X","6.125"" Hughes TD406X",normalized non-breaking spaces,PCS,1,active,true,DRILLBITS,"6 1/8"" BITS",BIT,ERP Item Category Code,high,"6 1/8""",6.12500,ERP Item Category Code,high,"6.125"" -> 6 1/8""",,,none,2/22/2026 3:32 PM,false,
169,872997f4-efb3-f011-bbd1-0022480d7431,7158433,7158433,"12.25"" Hughes TD507HX 716  PDC","12.25"" Hughes TD507HX 716 PDC",normalized non-breaking spaces; normalized spacing and punctuation,PCS,1,active,true,DRILLBITS,"12 1/4"" BITS",BIT,ERP Item Category Code,high,"12 1/4""",12.25000,ERP Item Category Code,high,"12.25"" -> 12 1/4""",,,none,5/25/2026 9:57 AM,false,
170,508c47a9-ad5e-f111-ab09-7ced8dac0ae0,7203515,7203515,"12 1/4"" New Hughes QD607Z Matrix 719 PDC Bit","12 1/4"" New Hughes QD607Z Matrix 719 PDC Bit",normalized non-breaking spaces,PCS,1,active,true,DRILLBITS,"12 1/4"" BITS",BIT,ERP Item Category Code,high,"12 1/4""",12.25000,ERP Item Category Code,high,"12 1/4"" -> 12 1/4""",,,none,7/1/2026 1:48 PM,false,
171,71fa6433-0b3e-f011-be59-6045bd157c64,750595,750595,"8 1/2"" Drill Bit VAREL VB616","8 1/2"" Drill Bit VAREL VB616",normalized non-breaking spaces,PCS,1,active,true,DRILLBITS,"8 1/2"" BITS",BIT,ERP Item Category Code,high,"8 1/2""",8.50000,ERP Item Category Code,high,"8 1/2"" -> 8 1/2""",,,none,2/22/2026 4:38 PM,false,
172,317c6c27-0b3e-f011-be59-6045bd157c64,A279475,A279475,12.25 TKC76 DRILL BIT,12.25 TKC76 DRILL BIT,normalized non-breaking spaces,PCS,1,active,true,DRILLBITS,"12 1/4"" BITS",BIT,ERP Item Category Code,high,"12 1/4""",12.25000,ERP Item Category Code,high,,,,none,2/25/2026 9:22 AM,false,
173,337c6c27-0b3e-f011-be59-6045bd157c64,A279476,A279476,12.25 TKC716 DRILL BIT,12.25 TKC716 DRILL BIT,normalized non-breaking spaces,PCS,1,active,true,DRILLBITS,"12 1/4"" BITS",BIT,ERP Item Category Code,high,"12 1/4""",12.25000,ERP Item Category Code,high,,,,none,2/25/2026 9:22 AM,false,
174,357c6c27-0b3e-f011-be59-6045bd157c64,A282492,A282492,12.25 TKC76 DRILL BIT,12.25 TKC76 DRILL BIT,normalized non-breaking spaces,PCS,1,active,true,DRILLBITS,"12 1/4"" BITS",BIT,ERP Item Category Code,high,"12 1/4""",12.25000,ERP Item Category Code,high,,,,none,2/25/2026 9:22 AM,false,
175,2d7c6c27-0b3e-f011-be59-6045bd157c64,A285402,A285402,12.25 PDC DRILL BIT,12.25 PDC DRILL BIT,normalized non-breaking spaces,PCS,1,active,true,DRILLBITS,"12 1/4"" BITS",BIT,ERP Item Category Code,high,"12 1/4""",12.25000,ERP Item Category Code,high,,,,none,2/25/2026 9:22 AM,false,
176,377c6c27-0b3e-f011-be59-6045bd157c64,A285403,A285403,12.25 PDC DRILL BIT,12.25 PDC DRILL BIT,normalized non-breaking spaces,PCS,1,active,true,DRILLBITS,"12 1/4"" BITS",BIT,ERP Item Category Code,high,"12 1/4""",12.25000,ERP Item Category Code,high,,,,none,2/25/2026 9:22 AM,false,
177,397c6c27-0b3e-f011-be59-6045bd157c64,A298956,A298956,17.5 TKC66 DRILL BIT,17.5 TKC66 DRILL BIT,normalized non-breaking spaces,PCS,1,active,true,DRILLBITS,"17 1/2"" BITS",BIT,ERP Item Category Code,high,"17 1/2""",17.50000,ERP Item Category Code,high,,,,none,2/25/2026 9:22 AM,false,
178,3b7c6c27-0b3e-f011-be59-6045bd157c64,F300339,F300339,17.5 TKC76 Drill Bit PDC,17.5 TKC76 Drill Bit PDC,normalized non-breaking spaces,PCS,1,active,true,DRILLBITS,"17 1/2"" BITS",BIT,ERP Item Category Code,high,"17 1/2""",17.50000,ERP Item Category Code,high,,,,none,3/31/2026 4:32 PM,false,
179,1afb07ae-685d-f011-8eed-6045bd14f232,JP9341,JP9341,17 ½” Smith M716  PDC Drill Bit,"17 1/2"" Smith M716 PDC Drill Bit",normalized non-breaking spaces; expanded ½ to 1/2; normalized inch marks; normalized spacing and punctuation,PCS,1,active,true,DRILLBITS,"17 1/2"" BITS",BIT,ERP Item Category Code,high,"17 1/2""",17.50000,ERP Item Category Code,high,"17 1/2"" -> 17 1/2""",,,none,2/22/2026 1:22 PM,false,
180,babff55d-685d-f011-8eed-6045bd14f232,JP9342,JP9342,17 ½” Smith M716  PDC Drill Bit,"17 1/2"" Smith M716 PDC Drill Bit",normalized non-breaking spaces; expanded ½ to 1/2; normalized inch marks; normalized spacing and punctuation,PCS,1,active,true,DRILLBITS,"17 1/2"" BITS",BIT,ERP Item Category Code,high,"17 1/2""",17.50000,ERP Item Category Code,high,"17 1/2"" -> 17 1/2""",,,none,6/8/2026 4:03 PM,false,
181,2f7c6c27-0b3e-f011-be59-6045bd157c64,JT200553,JT200553,HYBRID BIT 8 1/2”GHS4162BRD,"HYBRID BIT 8 1/2""GHS4162BRD",normalized non-breaking spaces; normalized inch marks,PCS,1,active,true,DRILLBITS,"8 1/2"" BITS",BIT,ERP Item Category Code,high,"8 1/2""",8.50000,ERP Item Category Code,high,"8 1/2"" -> 8 1/2""",,,none,2/22/2026 4:38 PM,false,
182,417c6c27-0b3e-f011-be59-6045bd157c64,KP5184518-3-01,KP5184518-3-01,"8.5"" Drill bit SI4AP 447 4 1/2","8.5"" Drill bit SI4AP 447 4 1/2",normalized non-breaking spaces,PCS,0,active,true,DRILLBITS,"8 1/2"" BITS",BIT,ERP Item Category Code,high,"8 1/2""",8.50000,ERP Item Category Code,high,"8.5"" -> 8 1/2"" | 4 1/2 -> 4 1/2""",,,none,2/22/2026 6:14 PM,false,
183,437c6c27-0b3e-f011-be59-6045bd157c64,KP5184518-3-04,KP5184518-3-04,"8.5"" Drill bit","8.5"" Drill bit",normalized non-breaking spaces,PCS,0,active,true,DRILLBITS,"8 1/2"" BITS",BIT,ERP Item Category Code,high,"8 1/2""",8.50000,ERP Item Category Code,high,"8.5"" -> 8 1/2""",,,none,2/22/2026 6:14 PM,false,
184,457c6c27-0b3e-f011-be59-6045bd157c64,KP5440119-1-01,KP5440119-1-01,"8.5"" Drill bit","8.5"" Drill bit",normalized non-breaking spaces,PCS,0,active,true,DRILLBITS,"8 1/2"" BITS",BIT,ERP Item Category Code,high,"8 1/2""",8.50000,ERP Item Category Code,high,"8.5"" -> 8 1/2""",,,none,2/22/2026 6:14 PM,false,
185,477c6c27-0b3e-f011-be59-6045bd157c64,KP5447449-3-01,KP5447449-3-01,"8.5"" Drill bit","8.5"" Drill bit",normalized non-breaking spaces,PCS,0,active,true,DRILLBITS,"8 1/2"" BITS",BIT,ERP Item Category Code,high,"8 1/2""",8.50000,ERP Item Category Code,high,"8.5"" -> 8 1/2""",,,none,2/22/2026 6:14 PM,false,
186,497c6c27-0b3e-f011-be59-6045bd157c64,KP5447449-3-04,KP5447449-3-04,"8.5"" Drill bit","8.5"" Drill bit",normalized non-breaking spaces,PCS,0,active,true,DRILLBITS,"8 1/2"" BITS",BIT,ERP Item Category Code,high,"8 1/2""",8.50000,ERP Item Category Code,high,"8.5"" -> 8 1/2""",,,none,2/22/2026 6:14 PM,false,
187,4b7c6c27-0b3e-f011-be59-6045bd157c64,KP5447449-3-05,KP5447449-3-05,"8.5"" Drill bit","8.5"" Drill bit",normalized non-breaking spaces,PCS,0,active,true,DRILLBITS,"8 1/2"" BITS",BIT,ERP Item Category Code,high,"8 1/2""",8.50000,ERP Item Category Code,high,"8.5"" -> 8 1/2""",,,none,2/22/2026 6:14 PM,false,
188,4d7c6c27-0b3e-f011-be59-6045bd157c64,KP5447694-3-01,KP5447694-3-01,"8.5"" Drill bit","8.5"" Drill bit",normalized non-breaking spaces,PCS,0,active,true,DRILLBITS,"8 1/2"" BITS",BIT,ERP Item Category Code,high,"8 1/2""",8.50000,ERP Item Category Code,high,"8.5"" -> 8 1/2""",,,none,2/22/2026 6:14 PM,false,
189,4f7c6c27-0b3e-f011-be59-6045bd157c64,KP5447694-3-02,KP5447694-3-02,"8.5"" Drill bit","8.5"" Drill bit",normalized non-breaking spaces,PCS,0,active,true,DRILLBITS,"8 1/2"" BITS",BIT,ERP Item Category Code,high,"8 1/2""",8.50000,ERP Item Category Code,high,"8.5"" -> 8 1/2""",,,none,2/22/2026 6:14 PM,false,
190,517c6c27-0b3e-f011-be59-6045bd157c64,KP5447694-3-03,KP5447694-3-03,"8.5"" Drill bit","8.5"" Drill bit",normalized non-breaking spaces,PCS,0,active,true,DRILLBITS,"8 1/2"" BITS",BIT,ERP Item Category Code,high,"8 1/2""",8.50000,ERP Item Category Code,high,"8.5"" -> 8 1/2""",,,none,2/22/2026 6:14 PM,false,
191,537c6c27-0b3e-f011-be59-6045bd157c64,KP5447694-3-04,KP5447694-3-04,"8.5"" Drill bit","8.5"" Drill bit",normalized non-breaking spaces,PCS,0,active,true,DRILLBITS,"8 1/2"" BITS",BIT,ERP Item Category Code,high,"8 1/2""",8.50000,ERP Item Category Code,high,"8.5"" -> 8 1/2""",,,none,2/22/2026 6:14 PM,false,
192,557c6c27-0b3e-f011-be59-6045bd157c64,KP5447694-3-05,KP5447694-3-05,"8.5"" Drill bit","8.5"" Drill bit",normalized non-breaking spaces,PCS,0,active,true,DRILLBITS,"8 1/2"" BITS",BIT,ERP Item Category Code,high,"8 1/2""",8.50000,ERP Item Category Code,high,"8.5"" -> 8 1/2""",,,none,2/22/2026 6:14 PM,false,
193,577c6c27-0b3e-f011-be59-6045bd157c64,KP5491853-2-04,KP5491853-2-04,"17.5"" Drill bit 17.5"" Drill bit STL1GCP","17.5"" Drill bit 17.5"" Drill bit STL1GCP",normalized non-breaking spaces,PCS,1,active,true,DRILLBITS,"17 1/2"" BITS",BIT,ERP Item Category Code,high,"17 1/2""",17.50000,ERP Item Category Code,high,"17.5"" -> 17 1/2""",,,none,2/22/2026 4:51 PM,false,
194,597c6c27-0b3e-f011-be59-6045bd157c64,KP5491853-2-10,KP5491853-2-10,"17.5"" Drill bit STL1GCP","17.5"" Drill bit STL1GCP",normalized non-breaking spaces,PCS,1,active,true,DRILLBITS,"17 1/2"" BITS",BIT,ERP Item Category Code,high,"17 1/2""",17.50000,ERP Item Category Code,high,"17.5"" -> 17 1/2""",,,none,2/22/2026 4:51 PM,false,
195,5b7c6c27-0b3e-f011-be59-6045bd157c64,KP5582529-4-02,KP5582529-4-02,"8.5"" Drill bit SI14AP 447 4 1/2","8.5"" Drill bit SI14AP 447 4 1/2",normalized non-breaking spaces,PCS,0,active,true,DRILLBITS,"8 1/2"" BITS",BIT,ERP Item Category Code,high,"8 1/2""",8.50000,ERP Item Category Code,high,"8.5"" -> 8 1/2"" | 4 1/2 -> 4 1/2""",,,none,2/22/2026 6:14 PM,false,
196,5d7c6c27-0b3e-f011-be59-6045bd157c64,KP5777598-1-03,KP5777598-1-03,"12.25"" Drill bit SI4ACP 447 6 5/8","12.25"" Drill bit SI4ACP 447 6 5/8",normalized non-breaking spaces,PCS,1,active,true,DRILLBITS,"12 1/4"" BITS",BIT,ERP Item Category Code,high,"12 1/4""",12.25000,ERP Item Category Code,high,"12.25"" -> 12 1/4"" | 6 5/8 -> 6 5/8""",,,none,5/25/2026 9:57 AM,false,
197,5f7c6c27-0b3e-f011-be59-6045bd157c64,KP5777598-1-04,KP5777598-1-04,"12.25"" Drill bit","12.25"" Drill bit",normalized non-breaking spaces,PCS,0,active,true,DRILLBITS,"12 1/4"" BITS",BIT,ERP Item Category Code,high,"12 1/4""",12.25000,ERP Item Category Code,high,"12.25"" -> 12 1/4""",,,none,2/22/2026 6:14 PM,false,
198,617c6c27-0b3e-f011-be59-6045bd157c64,KP5871011-2-01,KP5871011-2-01,"17.5"" Drill bit SIL01ACP 415 7 5/8","17.5"" Drill bit SIL01ACP 415 7 5/8",normalized non-breaking spaces,PCS,1,active,true,DRILLBITS,"17 1/2"" BITS",BIT,ERP Item Category Code,high,"17 1/2""",17.50000,ERP Item Category Code,high,"17.5"" -> 17 1/2"" | 7 5/8 -> 7 5/8""",,,none,2/22/2026 4:51 PM,false,
199,637c6c27-0b3e-f011-be59-6045bd157c64,KP5871011-2-04,KP5871011-2-04,"17.5"" Drill bit SIL01ACP 415 7 5/8","17.5"" Drill bit SIL01ACP 415 7 5/8",normalized non-breaking spaces,PCS,1,active,true,DRILLBITS,"17 1/2"" BITS",BIT,ERP Item Category Code,high,"17 1/2""",17.50000,ERP Item Category Code,high,"17.5"" -> 17 1/2"" | 7 5/8 -> 7 5/8""",,,none,6/8/2026 4:03 PM,false,
200,657c6c27-0b3e-f011-be59-6045bd157c64,KP5999729-1-01,KP5999729-1-01,"12.25"" Drill bit SI09ACP 437 6 5/8","12.25"" Drill bit SI09ACP 437 6 5/8",normalized non-breaking spaces,PCS,1,active,true,DRILLBITS,"12 1/4"" BITS",BIT,ERP Item Category Code,high,"12 1/4""",12.25000,ERP Item Category Code,high,"12.25"" -> 12 1/4"" | 6 5/8 -> 6 5/8""",,,none,5/25/2026 9:57 AM,false,
201,677c6c27-0b3e-f011-be59-6045bd157c64,KP5999729-1-03,KP5999729-1-03,"12.25"" Drill bit SI09ACP 437 6 5/8","12.25"" Drill bit SI09ACP 437 6 5/8",normalized non-breaking spaces,PCS,1,active,true,DRILLBITS,"12 1/4"" BITS",BIT,ERP Item Category Code,high,"12 1/4""",12.25000,ERP Item Category Code,high,"12.25"" -> 12 1/4"" | 6 5/8 -> 6 5/8""",,,none,2/22/2026 4:51 PM,false,
202,6751db4b-675d-f011-8eed-00224869e24f,MR6733,MR6733,12 ¼” Smith GF10BVCPS Drill Bit,"12 1/4"" Smith GF10BVCPS Drill Bit",normalized non-breaking spaces; expanded ¼ to 1/4; normalized inch marks,PCS,1,active,true,DRILLBITS,"12 1/4"" BITS",BIT,ERP Item Category Code,high,"12 1/4""",12.25000,ERP Item Category Code,high,"12 1/4"" -> 12 1/4""",,,none,2/22/2026 4:51 PM,false,
203,61a56710-695d-f011-8eed-6045bd14f232,MZ0941,MZ0941,8 ½” Smith GF10BVCPS Drill Bit,"8 1/2"" Smith GF10BVCPS Drill Bit",normalized non-breaking spaces; expanded ½ to 1/2; normalized inch marks,PCS,1,active,true,DRILLBITS,"8 1/2"" BITS",BIT,ERP Item Category Code,high,"8 1/2""",8.50000,ERP Item Category Code,high,"8 1/2"" -> 8 1/2""",,,none,6/28/2026 4:17 PM,false,
204,81fa6433-0b3e-f011-be59-6045bd157c64,PW8952,PW8952,"17 1/2"" Drill Bit Smith sdshc","17 1/2"" Drill Bit Smith sdshc",normalized non-breaking spaces,PCS,1,active,true,DRILLBITS,"17 1/2"" BITS",BIT,ERP Item Category Code,high,"17 1/2""",17.50000,ERP Item Category Code,high,"17 1/2"" -> 17 1/2""",,,none,2/22/2026 4:51 PM,false,
205,83fa6433-0b3e-f011-be59-6045bd157c64,PW8956,PW8956,"17 1/2"" Drill Bit SDCHC","17 1/2"" Drill Bit SDCHC",normalized non-breaking spaces,PCS,1,active,true,DRILLBITS,"17 1/2"" BITS",BIT,ERP Item Category Code,high,"17 1/2""",17.50000,ERP Item Category Code,high,"17 1/2"" -> 17 1/2""",,,none,2/22/2026 4:51 PM,false,
206,3f9f0ea5-675d-f011-8eed-00224869e24f,RA4739,RA4739,12 ¼” Smith GF10BVCPS Drill Bit,"12 1/4"" Smith GF10BVCPS Drill Bit",normalized non-breaking spaces; expanded ¼ to 1/4; normalized inch marks,PCS,0,active,true,DRILLBITS,"12 1/4"" BITS",BIT,ERP Item Category Code,high,"12 1/4""",12.25000,ERP Item Category Code,high,"12 1/4"" -> 12 1/4""",,,none,2/22/2026 6:20 PM,false,
207,fb122214-675d-f011-8eed-00224869e24f,RA4740,RA4740,12 ¼” Smith GF10BVCPS Drill Bit,"12 1/4"" Smith GF10BVCPS Drill Bit",normalized non-breaking spaces; expanded ¼ to 1/4; normalized inch marks,PCS,1,active,true,DRILLBITS,"12 1/4"" BITS",BIT,ERP Item Category Code,high,"12 1/4""",12.25000,ERP Item Category Code,high,"12 1/4"" -> 12 1/4""",,,none,2/22/2026 2:10 PM,false,
208,5985ae9e-695d-f011-8eed-6045bd14f232,RK0230,RK0230,8 ½” Smith GF15PS Drill Bit,"8 1/2"" Smith GF15PS Drill Bit",normalized non-breaking spaces; expanded ½ to 1/2; normalized inch marks,PCS,0,active,true,DRILLBITS,"8 1/2"" BITS",BIT,ERP Item Category Code,high,"8 1/2""",8.50000,ERP Item Category Code,high,"8 1/2"" -> 8 1/2""",,,none,3/9/2026 4:15 PM,false,
209,17d17b65-695d-f011-8eed-6045bd14f232,RK1073,RK1073,8 ½” Smith GF15PS Drill Bit,"8 1/2"" Smith GF15PS Drill Bit",normalized non-breaking spaces; expanded ½ to 1/2; normalized inch marks,PCS,0,active,true,DRILLBITS,"8 1/2"" BITS",BIT,ERP Item Category Code,high,"8 1/2""",8.50000,ERP Item Category Code,high,"8 1/2"" -> 8 1/2""",,,none,2/22/2026 6:20 PM,false,
210,87fa6433-0b3e-f011-be59-6045bd157c64,RK1850,RK1850,"24"" Drill Bit","24"" Drill Bit",normalized non-breaking spaces,PCS,1,active,true,DRILLBITS,"24"" BITS",BIT,ERP Item Category Code,high,"24""",24.00000,ERP Item Category Code,high,"24"" -> 24""",,,none,2/22/2026 4:51 PM,false,
211,bf1cbae8-695d-f011-8eed-6045bd14f232,RP0191,RP0191,8 ½” Smith GF15PS Drill Bit,"8 1/2"" Smith GF15PS Drill Bit",normalized non-breaking spaces; expanded ½ to 1/2; normalized inch marks,PCS,1,active,true,DRILLBITS,"8 1/2"" BITS",BIT,ERP Item Category Code,high,"8 1/2""",8.50000,ERP Item Category Code,high,"8 1/2"" -> 8 1/2""",,,none,3/6/2026 2:38 PM,false,
212,4002fec3-695d-f011-8eed-6045bd14f232,RP0630,RP0630,8 ½” Smith GF15PS Drill Bit,"8 1/2"" Smith GF15PS Drill Bit",normalized non-breaking spaces; expanded ½ to 1/2; normalized inch marks,PCS,1,active,true,DRILLBITS,"8 1/2"" BITS",BIT,ERP Item Category Code,high,"8 1/2""",8.50000,ERP Item Category Code,high,"8 1/2"" -> 8 1/2""",,,none,3/9/2026 4:15 PM,false,
213,c403633b-695d-f011-8eed-6045bd14f232,RX4618,RX4618,8 ½” Smith GF15PS Drill Bit,"8 1/2"" Smith GF15PS Drill Bit",normalized non-breaking spaces; expanded ½ to 1/2; normalized inch marks,PCS,0,active,true,DRILLBITS,"8 1/2"" BITS",BIT,ERP Item Category Code,high,"8 1/2""",8.50000,ERP Item Category Code,high,"8 1/2"" -> 8 1/2""",,,none,2/22/2026 6:20 PM,false,
214,c7180fd6-5a65-f011-8eed-6045bd14f232,TPB-45REG-01,TPB-45REG-01,"THREAD PROTECTOR, PLASTIC - 4 1/2"" REG BOX","THREAD PROTECTOR, PLASTIC - 4 1/2"" REG BOX",normalized non-breaking spaces,PCS,12,active,true,GNSP,,,ERP Inventory Posting Group,blank_allowed,,,/api/list-options/asset_sizes,blank_allowed,"4 1/2"" -> 4 1/2""",,,none,4/1/2026 11:49 AM,false,
215,9723132a-5b65-f011-8eed-6045bd14f232,TPB-66REG-01,TPB-66REG-01,"THREAD PROTECTOR, PLASTIC - 6 5/8"" REG BOX","THREAD PROTECTOR, PLASTIC - 6 5/8"" REG BOX",normalized non-breaking spaces,PCS,4,active,true,GNSP,,,ERP Inventory Posting Group,blank_allowed,,,/api/list-options/asset_sizes,blank_allowed,"6 5/8"" -> 6 5/8""",,,none,7/2/2026 3:51 PM,false,
216,d99a9de9-5b65-f011-8eed-6045bd14f232,TPB-76REG-01,TPB-76REG-01,"THREAD PROTECTOR, PLASTIC - 7 5/8"" REG BOX","THREAD PROTECTOR, PLASTIC - 7 5/8"" REG BOX",normalized non-breaking spaces,PCS,15,active,true,GNSP,,,ERP Inventory Posting Group,blank_allowed,,,/api/list-options/asset_sizes,blank_allowed,"7 5/8"" -> 7 5/8""",,,none,2/22/2026 10:51 AM,false,
217,737583c2-5965-f011-8eed-6045bd14f232,TPB-NC38-01,TPB-NC38-01,"THREAD PROTECTOR, PLASTIC - NC38 BOX (3 1/2"" IF)","THREAD PROTECTOR, PLASTIC - NC38 BOX (3 1/2"" IF)",normalized non-breaking spaces,PCS,8,active,true,GNSP,,,ERP Inventory Posting Group,blank_allowed,"3 1/2""",3.50000,/api/list-options/asset_sizes,asset_size_match,"3 1/2"" -> 3 1/2""",,,none,7/2/2026 3:51 PM,false,
218,884c504c-5a65-f011-8eed-6045bd14f232,TPB-NC50-01,TPB-NC50-01,"THREAD PROTECTOR, PLASTIC - NC50 BOX (4 1/2"" IF)","THREAD PROTECTOR, PLASTIC - NC50 BOX (4 1/2"" IF)",normalized non-breaking spaces,PCS,12,active,true,GNSP,,,ERP Inventory Posting Group,blank_allowed,,,/api/list-options/asset_sizes,blank_allowed,"4 1/2"" -> 4 1/2""",,,none,3/5/2026 11:43 AM,false,
219,867e32a6-5a65-f011-8eed-6045bd14f232,TPP-45REG-01,TPP-45REG-01,"THREAD PROTECTOR, PLASTIC - 4 1/2"" REG PIN","THREAD PROTECTOR, PLASTIC - 4 1/2"" REG PIN",normalized non-breaking spaces,PCS,1,active,true,GNSP,,,ERP Inventory Posting Group,blank_allowed,,,/api/list-options/asset_sizes,blank_allowed,"4 1/2"" -> 4 1/2""",,,none,7/2/2026 3:51 PM,false,
220,04772206-5b65-f011-8eed-6045bd14f232,TPP-66REG-01,TPP-66REG-01,"THREAD PROTECTOR, PLASTIC - 6 5/8"" REG PIN","THREAD PROTECTOR, PLASTIC - 6 5/8"" REG PIN",normalized non-breaking spaces,PCS,10,active,true,GNSP,,,ERP Inventory Posting Group,blank_allowed,,,/api/list-options/asset_sizes,blank_allowed,"6 5/8"" -> 6 5/8""",,,none,7/2/2026 3:51 PM,false,
221,39f8c195-5b65-f011-8eed-6045bd14f232,TPP-76REG-01,TPP-76REG-01,"THREAD PROTECTOR, PLASTIC - 7 5/8"" REG PIN","THREAD PROTECTOR, PLASTIC - 7 5/8"" REG PIN",normalized non-breaking spaces,PCS,14,active,true,GNSP,,,ERP Inventory Posting Group,blank_allowed,,,/api/list-options/asset_sizes,blank_allowed,"7 5/8"" -> 7 5/8""",,,none,4/6/2026 4:25 PM,false,
222,c501a1ea-5865-f011-8eed-6045bd14f232,TPP-NC38-01,TPP-NC38-01,"THREAD PROTECTOR, PLASTIC - NC38 PIN (3 1/2"" IF)","THREAD PROTECTOR, PLASTIC - NC38 PIN (3 1/2"" IF)",normalized non-breaking spaces,PCS,4,active,true,GNSP,,,ERP Inventory Posting Group,blank_allowed,"3 1/2""",3.50000,/api/list-options/asset_sizes,asset_size_match,"3 1/2"" -> 3 1/2""",,,none,7/2/2026 3:51 PM,false,
223,6f3a64f8-5965-f011-8eed-6045bd14f232,TPP-NC50-01,TPP-NC50-01,"THREAD PROTECTOR, PLASTIC - NC50 PIN (4 1/2"" IF)","THREAD PROTECTOR, PLASTIC - NC50 PIN (4 1/2"" IF)",normalized non-breaking spaces,PCS,5,active,true,GNSP,,,ERP Inventory Posting Group,blank_allowed,,,/api/list-options/asset_sizes,blank_allowed,"4 1/2"" -> 4 1/2""",,,none,7/2/2026 3:51 PM,false,
224,167c6c27-0b3e-f011-be59-6045bd157c64,HO1003,HO1003,Shafts,Shafts,,PCS,5,active,true,HOSP,,,ERP Inventory Posting Group,blank_allowed,,,,blank_allowed,,,,none,3/3/2026 8:01 PM,false,
225,0a753b59-4a15-f111-8340-70a8a51fc0e8,HO1004,HO1004,CUTTERS,CUTTERS,,PCS,6,active,true,HOSP,,,ERP Inventory Posting Group,blank_allowed,,,,blank_allowed,,,,none,3/3/2026 8:01 PM,false,
226,b35996c2-4a15-f111-8340-70a8a51fc0e8,HO1005,HO1005,NOZZLE RETAINERS,NOZZLE RETAINERS,normalized non-breaking spaces,PCS,6,active,true,HOSP,,,ERP Inventory Posting Group,blank_allowed,,,,blank_allowed,,,,none,3/3/2026 8:01 PM,false,
227,927f672d-0b3e-f011-be59-6045bd157c64,HJDA47-S6-08-VSR,HJDA47-S6-08-VSR,VALVE SPACER RING,VALVE SPACER RING,normalized non-breaking spaces,PCS,2,active,true,JSP,,JAR,ERP Inventory Posting Group,high,,,,blank_allowed,,,,none,9/7/2025 10:32 AM,false,
228,fd8abca2-c6bf-f011-bbd1-7ced8d7aa483,HJDA47-S6-24-SM-05,HJDA47-S6-24-SM-05,"SPLINED MANDREL, INTEGRAL IMPACT RING, NC38 (3 1/2 IF) BOX, BORE BACK","SPLINED MANDREL, INTEGRAL IMPACT RING, NC38 (3 1/2 IF) BOX, BORE BACK",normalized non-breaking spaces,PCS,3,active,true,JSP,,JAR,ERP Inventory Posting Group,high,"3 1/2""",3.50000,/api/list-options/asset_sizes,asset_size_match,"3 1/2 -> 3 1/2""",,,none,5/3/2026 3:18 PM,false,
229,947f672d-0b3e-f011-be59-6045bd157c64,HJDA65-010-HVJT,HJDA65-010-HVJT,HYDRAULIC VALVE,HYDRAULIC VALVE,normalized non-breaking spaces,PCS,2,active,true,JSP,,JAR,ERP Inventory Posting Group,high,,,,blank_allowed,,,,none,5/11/2026 5:59 PM,false,
230,8be13a42-22f2-f011-8405-70a8a51f6024,HJDA65-S5-06-VM,HJDA65-S5-06-VM,"VALVE MANDREL 6 1/2"" DOUBLE ACTING HYD. JAR","VALVE MANDREL 6 1/2"" DOUBLE ACTING HYD. JAR",normalized non-breaking spaces,PCS,1,active,true,JSP,,JAR,ERP Inventory Posting Group,high,"6 1/2""",6.50000,Description,high,"6 1/2"" -> 6 1/2""",,,none,4/30/2026 1:08 PM,false,
231,967f672d-0b3e-f011-be59-6045bd157c64,HJDA65-S5-07-VSR,HJDA65-S5-07-VSR,VALVE SPACER RING,VALVE SPACER RING,normalized non-breaking spaces,PCS,2,active,true,JSP,,JAR,ERP Inventory Posting Group,high,,,,blank_allowed,,,,none,9/7/2025 10:32 AM,false,
232,987f672d-0b3e-f011-be59-6045bd157c64,HJDA80-S8-07-VSR,HJDA80-S8-07-VSR,VALVE SPACER RING,VALVE SPACER RING,normalized non-breaking spaces,PCS,2,active,true,JSP,,JAR,ERP Inventory Posting Group,high,,,,blank_allowed,,,,none,9/7/2025 10:32 AM,false,
233,9a7f672d-0b3e-f011-be59-6045bd157c64,HJDA80-S8-15-P,HJDA80-S8-15-P,PISTON,PISTON,,PCS,2,active,true,JSP,,JAR,ERP Inventory Posting Group,high,,,,blank_allowed,,,,none,9/7/2025 10:32 AM,false,
234,51993e06-23f2-f011-8405-70a8a51f6024,HJDA80-S8-SK,HJDA80-S8-SK,"SERVICE KIT, {<250 DEG. F} 8"" DOUBLE ACTING HYD. JAR","SERVICE KIT, {<250 DEG. F} 8"" DOUBLE ACTING HYD. JAR",normalized non-breaking spaces,PCS,10,active,true,JSP,,JAR,ERP Inventory Posting Group,high,"8""",8.00000,Description,high,"8"" -> 8""",,,none,4/29/2026 1:09 PM,false,
235,9e7f672d-0b3e-f011-be59-6045bd157c64,HMDA47-14-11-P,HMDA47-14-11-P,PISTON,PISTON,,PCS,2,active,true,JSP,,JAR,ERP Inventory Posting Group,high,,,,blank_allowed,,,,none,9/7/2025 10:32 AM,false,
236,a07f672d-0b3e-f011-be59-6045bd157c64,HMDA47-S14-SK,HMDA47-S14-SK,SERVICE KIT { <250° F (120° C) },SERVICE KIT { <250° F (120° C) },normalized non-breaking spaces,PCS,15,active,true,JSP,,JAR,ERP Inventory Posting Group,high,,,,blank_allowed,,,,none,5/11/2026 5:59 PM,false,
237,a27f672d-0b3e-f011-be59-6045bd157c64,HMDA65-14-08-P,HMDA65-14-08-P,PISTON,PISTON,,PCS,2,active,true,JSP,,JAR,ERP Inventory Posting Group,high,,,,blank_allowed,,,,none,9/7/2025 10:32 AM,false,
238,a47f672d-0b3e-f011-be59-6045bd157c64,HMDA65-S14-SK,HMDA65-S14-SK,SERVICE KIT { <250° F (120° C) } - HYDRA MECH,SERVICE KIT { <250° F (120° C) } - HYDRA MECH,normalized non-breaking spaces,PCS,19,active,true,JSP,,JAR,ERP Inventory Posting Group,high,,,,blank_allowed,,,,none,9/7/2025 10:32 AM,false,
239,a67f672d-0b3e-f011-be59-6045bd157c64,HMDA80-S14-SK,HMDA80-S14-SK,8” HYDRA-MECH JAR DOUBLE ACTING SERVICE KIT,"8"" HYDRA-MECH JAR DOUBLE ACTING SERVICE KIT",normalized non-breaking spaces; normalized inch marks,PCS,28,active,true,JSP,,JAR,ERP Inventory Posting Group,high,"8""",8.00000,Description,high,"8"" -> 8""",,,none,6/14/2026 1:17 AM,false,
240,a87f672d-0b3e-f011-be59-6045bd157c64,HMJ47-008-KR,HMJ47-008-KR,KNOCKER RING,KNOCKER RING,normalized non-breaking spaces,PCS,2,active,true,JSP,,JAR,ERP Inventory Posting Group,high,,,,blank_allowed,,,,none,9/7/2025 10:32 AM,false,
241,aa7f672d-0b3e-f011-be59-6045bd157c64,HMJ47-010-HV-JET,HMJ47-010-HV-JET,HYDRAULIC VALVE,HYDRAULIC VALVE,normalized non-breaking spaces,PCS,4,active,true,JSP,,JAR,ERP Inventory Posting Group,high,,,,blank_allowed,,,,none,9/7/2025 10:32 AM,false,
242,ac7f672d-0b3e-f011-be59-6045bd157c64,HMJ47-011-BS,HMJ47-011-BS,BELLVILLE SPRING,BELLVILLE SPRING,normalized non-breaking spaces,PCS,72,active,true,JSP,,JAR,ERP Inventory Posting Group,high,,,,blank_allowed,,,,none,9/7/2025 10:32 AM,false,
243,ae7f672d-0b3e-f011-be59-6045bd157c64,HMJ47-012-BLR,HMJ47-012-BLR,BOTTTOM LATCH RING,BOTTTOM LATCH RING,normalized non-breaking spaces,PCS,2,active,true,JSP,,JAR,ERP Inventory Posting Group,high,,,,blank_allowed,,,,none,9/7/2025 10:32 AM,false,
244,b07f672d-0b3e-f011-be59-6045bd157c64,HMJ47-013-L,HMJ47-013-L,LATCH,LATCH,,PCS,2,active,true,JSP,,JAR,ERP Inventory Posting Group,high,,,,blank_allowed,,,,none,9/7/2025 10:32 AM,false,
245,b27f672d-0b3e-f011-be59-6045bd157c64,HMJ47-014-TLR,HMJ47-014-TLR,TOP LATCH RING,TOP LATCH RING,normalized non-breaking spaces,PCS,2,active,true,JSP,,JAR,ERP Inventory Posting Group,high,,,,blank_allowed,,,,none,9/7/2025 10:32 AM,false,
246,b47f672d-0b3e-f011-be59-6045bd157c64,HMJ47-017-PR,HMJ47-017-PR,PRELOAD RING,PRELOAD RING,normalized non-breaking spaces,PCS,2,active,true,JSP,,JAR,ERP Inventory Posting Group,high,,,,blank_allowed,,,,none,9/7/2025 10:32 AM,false,
247,b87f672d-0b3e-f011-be59-6045bd157c64,HMJ47-019-PB,HMJ47-019-PB,PRELOAD BASE,PRELOAD BASE,normalized non-breaking spaces,PCS,2,active,true,JSP,,JAR,ERP Inventory Posting Group,high,,,,blank_allowed,,,,none,9/7/2025 10:32 AM,false,
248,bb7f672d-0b3e-f011-be59-6045bd157c64,HMJ47-S7-048-HVR,HMJ47-S7-048-HVR,HYDRAULIC VALVE RING,HYDRAULIC VALVE RING,normalized non-breaking spaces,PCS,4,active,true,JSP,,JAR,ERP Inventory Posting Group,high,,,,blank_allowed,,,,none,9/7/2025 10:32 AM,false,
249,bd7f672d-0b3e-f011-be59-6045bd157c64,HMJ662-011-BS,HMJ662-011-BS,BELLVILLE SPRING,BELLVILLE SPRING,normalized non-breaking spaces,PCS,44,active,true,JSP,,JAR,ERP Inventory Posting Group,high,,,,blank_allowed,,,,none,9/7/2025 10:32 AM,false,
250,bf7f672d-0b3e-f011-be59-6045bd157c64,HMJ662-012-BLR,HMJ662-012-BLR,BOTTOM LATCH RING,BOTTOM LATCH RING,normalized non-breaking spaces,PCS,2,active,true,JSP,,JAR,ERP Inventory Posting Group,high,,,,blank_allowed,,,,none,9/7/2025 10:32 AM,false,
251,c17f672d-0b3e-f011-be59-6045bd157c64,HMJ662-013-L,HMJ662-013-L,LATCH,LATCH,,PCS,12,active,true,JSP,,JAR,ERP Inventory Posting Group,high,,,,blank_allowed,,,,none,11/25/2025 2:05 PM,false,
252,c37f672d-0b3e-f011-be59-6045bd157c64,HMJ662-014-TLR,HMJ662-014-TLR,TOP LATCH RING,TOP LATCH RING,normalized non-breaking spaces,PCS,2,active,true,JSP,,JAR,ERP Inventory Posting Group,high,,,,blank_allowed,,,,none,9/7/2025 10:32 AM,false,
253,c57f672d-0b3e-f011-be59-6045bd157c64,HMJ662-021-PAP,HMJ662-021-PAP,PRELOAD ADJUSTOR PIN,PRELOAD ADJUSTOR PIN,normalized non-breaking spaces,PCS,2,active,true,JSP,,JAR,ERP Inventory Posting Group,high,,,,blank_allowed,,,,none,9/7/2025 10:32 AM,false,
254,c77f672d-0b3e-f011-be59-6045bd157c64,HMJ662-022-PAB,HMJ662-022-PAB,PRELOAD ADJUSTOR BOX,PRELOAD ADJUSTOR BOX,normalized non-breaking spaces,PCS,2,active,true,JSP,,JAR,ERP Inventory Posting Group,high,,,,blank_allowed,,,,none,9/7/2025 10:32 AM,false,
255,c97f672d-0b3e-f011-be59-6045bd157c64,HMJ67-008-KR,HMJ67-008-KR,KNOCKER RING,KNOCKER RING,normalized non-breaking spaces,PCS,2,active,true,JSP,,JAR,ERP Inventory Posting Group,high,,,,blank_allowed,,,,none,9/7/2025 10:32 AM,false,
256,cb7f672d-0b3e-f011-be59-6045bd157c64,HMJ80-008-KR,HMJ80-008-KR,KNOCKER RING,KNOCKER RING,normalized non-breaking spaces,PCS,2,active,true,JSP,,JAR,ERP Inventory Posting Group,high,,,,blank_allowed,,,,none,9/7/2025 10:32 AM,false,
257,ce7f672d-0b3e-f011-be59-6045bd157c64,HMJ80-010-HV-JET,HMJ80-010-HV-JET,HYDRAULIC VALVE,HYDRAULIC VALVE,normalized non-breaking spaces,PCS,4,active,true,JSP,,JAR,ERP Inventory Posting Group,high,,,,blank_allowed,,,,none,3/5/2026 11:41 AM,false,
258,d97f672d-0b3e-f011-be59-6045bd157c64,HMJ80-011-BS,HMJ80-011-BS,BELLVILLE SPRING,BELLVILLE SPRING,normalized non-breaking spaces,PCS,49,active,true,JSP,,JAR,ERP Inventory Posting Group,high,,,,blank_allowed,,,,none,2/19/2026 12:00 PM,false,
259,de7f672d-0b3e-f011-be59-6045bd157c64,HMJ80-012-BLR,HMJ80-012-BLR,BOTTOM LATCH RING,BOTTOM LATCH RING,normalized non-breaking spaces,PCS,2,active,true,JSP,,JAR,ERP Inventory Posting Group,high,,,,blank_allowed,,,,none,9/7/2025 10:32 AM,false,
260,e17f672d-0b3e-f011-be59-6045bd157c64,HMJ80-013-L,HMJ80-013-L,LATCH,LATCH,,PCS,12,active,true,JSP,,JAR,ERP Inventory Posting Group,high,,,,blank_allowed,,,,none,11/25/2025 2:05 PM,false,
261,e37f672d-0b3e-f011-be59-6045bd157c64,HMJ80-014-TLR,HMJ80-014-TLR,TOP LATCH RING,TOP LATCH RING,normalized non-breaking spaces,PCS,2,active,true,JSP,,JAR,ERP Inventory Posting Group,high,,,,blank_allowed,,,,none,9/7/2025 10:32 AM,false,
262,e57f672d-0b3e-f011-be59-6045bd157c64,HMJ80-021-PAP,HMJ80-021-PAP,PRELOAD ADJUSTOR PIN,PRELOAD ADJUSTOR PIN,normalized non-breaking spaces,PCS,2,active,true,JSP,,JAR,ERP Inventory Posting Group,high,,,,blank_allowed,,,,none,9/7/2025 10:32 AM,false,
263,e77f672d-0b3e-f011-be59-6045bd157c64,HMJ80-022-PAB,HMJ80-022-PAB,PRELOAD ADJUSTOR BOX,PRELOAD ADJUSTOR BOX,normalized non-breaking spaces,PCS,2,active,true,JSP,,JAR,ERP Inventory Posting Group,high,,,,blank_allowed,,,,none,11/25/2025 2:05 PM,false,
264,f17f672d-0b3e-f011-be59-6045bd157c64,RRSS47-01,RRSS47-01,SERVICE SOCKET,SERVICE SOCKET,normalized non-breaking spaces,PCS,1,active,true,JSP,,JAR,ERP Inventory Posting Group,high,,,,blank_allowed,,,,none,9/7/2025 10:32 AM,false,
265,f37f672d-0b3e-f011-be59-6045bd157c64,RRSS65-01,RRSS65-01,SERVICE SOCKET,SERVICE SOCKET,normalized non-breaking spaces,PCS,0,active,true,JSP,,JAR,ERP Inventory Posting Group,high,,,,blank_allowed,,,,none,9/7/2025 10:32 AM,false,
266,f57f672d-0b3e-f011-be59-6045bd157c64,RRSS95-01,RRSS95-01,SERVICE SOCKET,SERVICE SOCKET,normalized non-breaking spaces,PCS,0,active,true,JSP,,JAR,ERP Inventory Posting Group,high,,,,blank_allowed,,,,none,9/7/2025 10:32 AM,false,
267,f77f672d-0b3e-f011-be59-6045bd157c64,SS-2750-02,SS-2750-02,"SERVICE SOCKET, 2.750” HEX","SERVICE SOCKET, 2.750"" HEX",normalized non-breaking spaces; normalized inch marks,PCS,0,active,true,JSP,,JAR,ERP Inventory Posting Group,high,,,/api/list-options/asset_sizes,blank_allowed,"2.750"" -> 2 3/4""",,,none,9/7/2025 10:32 AM,false,
268,f97f672d-0b3e-f011-be59-6045bd157c64,SS-3250-03,SS-3250-03,"SERVICE SOCKET, 3.250” HEX","SERVICE SOCKET, 3.250"" HEX",normalized non-breaking spaces; normalized inch marks,PCS,1,active,true,JSP,,JAR,ERP Inventory Posting Group,high,,,/api/list-options/asset_sizes,blank_allowed,"3.250"" -> 3 1/4""",,,none,9/7/2025 10:32 AM,false,
269,fb7f672d-0b3e-f011-be59-6045bd157c64,SS-3750-01,SS-3750-01,"SERVICE SOCKET, 3.750” HEX","SERVICE SOCKET, 3.750"" HEX",normalized non-breaking spaces; normalized inch marks,PCS,1,active,true,JSP,,JAR,ERP Inventory Posting Group,high,,,/api/list-options/asset_sizes,blank_allowed,"3.750"" -> 3 3/4""",,,none,2/19/2026 12:00 PM,false,
270,fd7f672d-0b3e-f011-be59-6045bd157c64,SS-4250-02,SS-4250-02,"SERVICE SOCKET, 4.250” HEX","SERVICE SOCKET, 4.250"" HEX",normalized non-breaking spaces; normalized inch marks,PCS,1,active,true,JSP,,JAR,ERP Inventory Posting Group,high,,,/api/list-options/asset_sizes,blank_allowed,"4.250"" -> 4 1/4""",,,none,2/19/2026 12:00 PM,false,
271,ff7f672d-0b3e-f011-be59-6045bd157c64,SS-4750-01,SS-4750-01,"SERVICE SOCKET, 4.750” HEX","SERVICE SOCKET, 4.750"" HEX",normalized non-breaking spaces; normalized inch marks,PCS,1,active,true,JSP,,JAR,ERP Inventory Posting Group,high,"4 3/4""",4.75000,/api/list-options/asset_sizes,asset_size_match,"4.750"" -> 4 3/4""",,,none,3/5/2026 11:41 AM,false,
272,0180672d-0b3e-f011-be59-6045bd157c64,SS-5500-01,SS-5500-01,"SERVICE SOCKET (5 1/2"" A/F HEX)","SERVICE SOCKET (5 1/2"" A/F HEX)",normalized non-breaking spaces,PCS,1,active,true,JSP,,JAR,ERP Inventory Posting Group,high,,,/api/list-options/asset_sizes,blank_allowed,"5 1/2"" -> 5 1/2""",,,none,9/7/2025 10:32 AM,false,
273,0380672d-0b3e-f011-be59-6045bd157c64,SS-8250-01,SS-8250-01,"SERVICE SOCKET (8 1/4"" A/F HEX)","SERVICE SOCKET (8 1/4"" A/F HEX)",normalized non-breaking spaces,PCS,0,active,true,JSP,,JAR,ERP Inventory Posting Group,high,"8 1/4""",8.25000,/api/list-options/asset_sizes,asset_size_match,"8 1/4"" -> 8 1/4""",,,none,9/7/2025 10:32 AM,false,
274,0b80672d-0b3e-f011-be59-6045bd157c64,TD225-01,TD225-01,TOOL DRIFT 2.25” Diameter,"TOOL DRIFT 2.25"" Diameter",normalized non-breaking spaces; normalized inch marks,PCS,1,active,true,JSP,,JAR,ERP Inventory Posting Group,high,,,/api/list-options/asset_sizes,blank_allowed,"2.25"" -> 2 1/4""",,,none,9/7/2025 10:32 AM,false,
275,1280672d-0b3e-f011-be59-6045bd157c64,TD275-01,TD275-01,TOOL DRIFT 2.75” Diameter,"TOOL DRIFT 2.75"" Diameter",normalized non-breaking spaces; normalized inch marks,PCS,1,active,true,JSP,,JAR,ERP Inventory Posting Group,high,,,/api/list-options/asset_sizes,blank_allowed,"2.75"" -> 2 3/4""",,,none,9/7/2025 10:32 AM,false,
276,1680672d-0b3e-f011-be59-6045bd157c64,TD281-01,TD281-01,TOOL DRIFT 2.81” Diameter,"TOOL DRIFT 2.81"" Diameter",normalized non-breaking spaces; normalized inch marks,PCS,1,active,true,JSP,,JAR,ERP Inventory Posting Group,high,,,/api/list-options/asset_sizes,blank_allowed,"2.81"" -> 2 13/16""",,,none,9/7/2025 10:32 AM,false,
277,18fa6433-0b3e-f011-be59-6045bd157c64,VDCA 1830176H,VDCA 1830176H,VISCO JET,VISCO JET,normalized non-breaking spaces,PCS,2,active,true,JSP,,JAR,ERP Inventory Posting Group,high,,,,blank_allowed,,,,none,9/7/2025 10:32 AM,false,
278,1afa6433-0b3e-f011-be59-6045bd157c64,VDCA 1830240H,VDCA 1830240H,VISCO JET,VISCO JET,normalized non-breaking spaces,PCS,2,active,true,JSP,,JAR,ERP Inventory Posting Group,high,,,,blank_allowed,,,,none,9/7/2025 10:32 AM,false,
279,1cfa6433-0b3e-f011-be59-6045bd157c64,VDCA 1830410H,VDCA 1830410H,VISCO JET,VISCO JET,normalized non-breaking spaces,PCS,4,active,true,JSP,,JAR,ERP Inventory Posting Group,high,,,,blank_allowed,,,,none,9/7/2025 10:32 AM,false,
280,1ffa6433-0b3e-f011-be59-6045bd157c64,VJT-004,VJT-004,VISCO JET TOOL,VISCO JET TOOL,normalized non-breaking spaces,PCS,0,active,true,JSP,,JAR,ERP Inventory Posting Group,high,,,,blank_allowed,,,,none,9/7/2025 10:32 AM,false,
281,7335c3f8-838c-f011-b41a-0022480cffe6,16011900,16011900,Kit Metal Repair 5r Model F Drill pipe float check valve,Kit Metal Repair 5r Model F Drill pipe float check valve,normalized non-breaking spaces,PCS,0,active,true,MTRSP,,MOTOR,ERP Inventory Posting Group,accepted,,,,blank_allowed,,,,none,6/3/2026 3:13 PM,false,
282,1ab6f5c2-838c-f011-b41a-0022480cffe6,16012900,16012900,Kit Rubber Repair 5r Model F Drill pipe float check valve,Kit Rubber Repair 5r Model F Drill pipe float check valve,normalized non-breaking spaces,PCS,1,active,true,MTRSP,,MOTOR,ERP Inventory Posting Group,accepted,,,,blank_allowed,,,,none,7/5/2026 1:45 PM,false,
283,8590c6cf-10df-f011-8542-7ced8dace32a,016-019-19,016-019-19,O-Ring 016-019-19 GOST 9833-73,O-Ring 016-019-19 GOST 9833-73,normalized non-breaking spaces,PCS,2,active,true,MTRSP,,MOTOR,ERP Inventory Posting Group,accepted,,,,blank_allowed,,,,none,3/15/2026 11:42 AM,false,
284,0d879af3-10df-f011-8542-7ced8dace32a,078-084-36,078-084-36,O-Ring 078-084-36 GOST 9833-73  ,O-Ring 078-084-36 GOST 9833-73,normalized non-breaking spaces,PCS,2,active,true,MTRSP,,MOTOR,ERP Inventory Posting Group,accepted,,,,blank_allowed,,,,none,3/15/2026 11:42 AM,false,
285,f2a57317-11df-f011-8542-7ced8dace32a,099-105-36,099-105-36,O-Ring 099-105-36 GOST 9833-73 ,O-Ring 099-105-36 GOST 9833-73,normalized non-breaking spaces,PCS,2,active,true,MTRSP,,MOTOR,ERP Inventory Posting Group,accepted,,,,blank_allowed,,,,none,3/15/2026 11:42 AM,false,
286,3ffa6433-0b3e-f011-be59-6045bd157c64,10121047-10,10121047-10,Float valve,Float valve,normalized non-breaking spaces,PCS,0,active,true,MTRSP,,FLOAT VALVE,ERP Inventory Posting Group + name,high,,,,blank_allowed,,,,none,3/5/2026 11:39 AM,false,
287,3dfa6433-0b3e-f011-be59-6045bd157c64,10121047-16,10121047-16,Float valve,Float valve,normalized non-breaking spaces,PCS,0,active,true,MTRSP,,FLOAT VALVE,ERP Inventory Posting Group + name,high,,,,blank_allowed,,,,none,3/5/2026 11:39 AM,false,
288,41fa6433-0b3e-f011-be59-6045bd157c64,10121047-22,10121047-22,Float valve,Float valve,normalized non-breaking spaces,PCS,0,active,true,MTRSP,,FLOAT VALVE,ERP Inventory Posting Group + name,high,,,,blank_allowed,,,,none,3/5/2026 11:40 AM,false,
289,43fa6433-0b3e-f011-be59-6045bd157c64,10121047-23,10121047-23,Float valve,Float valve,normalized non-breaking spaces,PCS,0,active,true,MTRSP,,FLOAT VALVE,ERP Inventory Posting Group + name,high,,,,blank_allowed,,,,none,3/5/2026 11:40 AM,false,
290,5309d0d3-4041-f111-bec4-70a8a522e033,1054,1054,2 7/8 ROTOR CONNECTIONS,2 7/8 ROTOR CONNECTIONS,normalized non-breaking spaces,PCS,4,active,true,MTRSP,,MOTOR,ERP Inventory Posting Group,accepted,"2 7/8""",2.87500,Current database,existing,"2 7/8 -> 2 7/8""",,,none,7/12/2026 10:59 AM,false,
291,f85868f2-4041-f111-bec4-70a8a522e033,1055,1055,2 7/8 STATOR CONNECTIONS,2 7/8 STATOR CONNECTIONS,normalized non-breaking spaces,PCS,4,active,true,MTRSP,,MOTOR,ERP Inventory Posting Group,accepted,"2 7/8""",2.87500,Description,high,"2 7/8 -> 2 7/8""",,,none,7/12/2026 10:59 AM,false,
292,caf14b26-4741-f111-bec4-70a8a522e033,1056,1056,3 1/8'' ROTOR CONNECTIONS,"3 1/8"" ROTOR CONNECTIONS",normalized non-breaking spaces; normalized inch marks,PCS,4,active,true,MTRSP,,MOTOR,ERP Inventory Posting Group,accepted,"3 1/8""",3.12500,Description,high,"3 1/8"" -> 3 1/8""",,,none,7/12/2026 11:00 AM,false,
293,37a90946-4741-f111-bec4-70a8a522e033,1057,1057,3 1/8'' STATOR CONNECTIONS,"3 1/8"" STATOR CONNECTIONS",normalized non-breaking spaces; normalized inch marks,PCS,4,active,true,MTRSP,,MOTOR,ERP Inventory Posting Group,accepted,"3 1/8""",3.12500,Description,high,"3 1/8"" -> 3 1/8""",,,none,7/12/2026 11:00 AM,false,
294,628a4c3b-11df-f011-8542-7ced8dace32a,125-130-36,125-130-36,O-Ring 125-130-36 GOST 9833-73,O-Ring 125-130-36 GOST 9833-73,normalized non-breaking spaces,PCS,0,active,true,MTRSP,,MOTOR,ERP Inventory Posting Group,accepted,,,,blank_allowed,,,,none,2/22/2026 10:55 AM,false,
295,7dde8585-6840-f011-be59-6045bd157c64,13055000,13055000,Baker SPD Model F Plunger type float valve Size: 5F-6R for 6⅝” - 7⅝” Reg,"Baker SPD Model F Plunger type float valve Size: 5F-6R for 6 5/8"" - 7 5/8"" Reg",normalized non-breaking spaces; expanded ⅝ to 5/8; normalized inch marks,PCS,0,active,true,MTRSP,,FLOAT VALVE,ERP Inventory Posting Group + name,high,,,/api/list-options/asset_sizes,blank_allowed,"6 5/8"" -> 6 5/8"" | 7 5/8"" -> 7 5/8""",,,none,6/16/2025 9:50 AM,false,
296,2dd07242-6a40-f011-be59-6045bd157c64,152-432,152-432,Crestex – Baker SPD Model G Flapper type float valve  Size 2F – 3R for 3½” Reg,"Crestex - Baker SPD Model G Flapper type float valve Size 2F - 3R for 3 1/2"" Reg",normalized non-breaking spaces; expanded ½ to 1/2; normalized inch marks; normalized dash characters; normalized spacing and punctuation,PCS,0,active,true,MTRSP,,FLOAT VALVE,ERP Inventory Posting Group + name,high,"3 1/2""",3.50000,/api/list-options/asset_sizes,asset_size_match,"3 1/2"" -> 3 1/2""",,,none,6/16/2025 9:50 AM,false,
297,67fa6433-0b3e-f011-be59-6045bd157c64,2800-CC-S0,2800-CC-S0,SEAL KIT,SEAL KIT,normalized non-breaking spaces,PCS,0,active,true,MTRSP,,MOTOR,ERP Inventory Posting Group,accepted,,,,blank_allowed,,,,none,2/19/2026 12:00 PM,false,
298,c21cef8e-11df-f011-8542-7ced8dace32a,31.75-60YUT,31.75-60YUT,Ball 31.75-60YUT TU VNIPP.080-00  ,Ball 31.75-60YUT TU VNIPP.080-00,normalized non-breaking spaces,PCS,20,active,true,MTRSP,,MOTOR,ERP Inventory Posting Group,accepted,,,,blank_allowed,,,,none,3/15/2026 11:42 AM,false,
299,4637ed5c-6ac0-f011-bbd1-7ced8d7aa483,480132432,480132432,DPFV 2F-3R  MODEL F ASSEMBLY,DPFV 2F-3R MODEL F ASSEMBLY,normalized non-breaking spaces; normalized spacing and punctuation,PCS,3,active,true,MTRSP,,MOTOR,ERP Inventory Posting Group,accepted,,,,blank_allowed,,,,none,4/21/2026 11:13 AM,false,
300,102b6c3d-828c-f011-b41a-0022480cffe6,480135200,480135200,Dpfv 5r Model F 5R  Mod.  F (Float Valve),Dpfv 5r Model F 5R Mod. F (Float Valve),normalized non-breaking spaces; normalized spacing and punctuation,PCS,1,active,true,MTRSP,,FLOAT VALVE,ERP Inventory Posting Group + name,high,,,,blank_allowed,,,,none,2/19/2026 12:00 PM,false,
301,cb3816c6-69c0-f011-bbd1-7ced8d7aa483,480135462,480135462,Dpfv 5f-6r Model F 5F-6R  Model  F,Dpfv 5f-6r Model F 5F-6R Model F,normalized non-breaking spaces; normalized spacing and punctuation,PCS,6,active,true,MTRSP,,MOTOR,ERP Inventory Posting Group,accepted,,,,blank_allowed,,,,none,4/21/2026 11:13 AM,false,
302,4f55e4e4-6ac0-f011-bbd1-7ced8d7aa483,480152432,480152432,DPFV 2F-3R MODEL G ASSEMBLY,DPFV 2F-3R MODEL G ASSEMBLY,normalized non-breaking spaces,PCS,3,active,true,MTRSP,,MOTOR,ERP Inventory Posting Group,accepted,,,,blank_allowed,,,,none,4/21/2026 11:13 AM,false,
303,824ce09c-6ac0-f011-bbd1-7ced8d7aa483,480155462,480155462,DPFV 5F-6R MODEL G ASSEMBLY,DPFV 5F-6R MODEL G ASSEMBLY,normalized non-breaking spaces,PCS,6,active,true,MTRSP,,MOTOR,ERP Inventory Posting Group,accepted,,,,blank_allowed,,,,none,4/21/2026 11:13 AM,false,
304,611842e3-6940-f011-be59-6045bd157c64,4R FOR 4½” IF,4R FOR 4½” IF,Crestex – Baker SPD Model G Flapper type float valve  Size 4R for 4½” IF,"Crestex - Baker SPD Model G Flapper type float valve Size 4R for 4 1/2"" IF",normalized non-breaking spaces; expanded ½ to 1/2; normalized inch marks; normalized dash characters; normalized spacing and punctuation,PCS,0,active,true,MTRSP,,FLOAT VALVE,ERP Inventory Posting Group + name,high,,,/api/list-options/asset_sizes,blank_allowed,"4 1/2"" -> 4 1/2""",,,none,6/16/2025 12:05 PM,false,
305,60c1323e-3833-f111-bec2-70a8a51df30e,A47-26-001,A47-26-001,ADJUSTABLE BEND SUB - 2°,ADJUSTABLE BEND SUB - 2°,normalized non-breaking spaces,PCS,0,active,true,MTRSP,,MOTOR,ERP Inventory Posting Group,accepted,,,,blank_allowed,,,,none,6/3/2026 4:51 PM,false,
306,c87af484-3833-f111-bec2-70a8a51df30e,A47-26-004,A47-26-004,ADJUSTABLE MANDREL - 2°,ADJUSTABLE MANDREL - 2°,normalized non-breaking spaces,PCS,0,active,true,MTRSP,,MOTOR,ERP Inventory Posting Group,accepted,,,,blank_allowed,,,,none,6/3/2026 4:51 PM,false,
307,86ec1dc3-3833-f111-bec2-70a8a51df30e,A47-26-011,A47-26-011,"LOCK HOUSING, 4.375"" AM (5.00 OD)","LOCK HOUSING, 4.375"" AM (5.00 OD)",normalized non-breaking spaces,PCS,0,active,true,MTRSP,,MOTOR,ERP Inventory Posting Group,accepted,,,/api/list-options/asset_sizes,blank_allowed,"4.375"" -> 4 3/8""",,,none,6/3/2026 4:51 PM,false,
308,298ff5a6-3833-f111-bec2-70a8a51df30e,A47-26-015,A47-26-015,"CROWN, 2 DEGREE, PTA","CROWN, 2 DEGREE, PTA",normalized non-breaking spaces,PCS,1,active,true,MTRSP,,MOTOR,ERP Inventory Posting Group,accepted,,,,blank_allowed,,,,none,5/24/2026 2:33 PM,false,
309,ed5449ea-3833-f111-bec2-70a8a51df30e,A47-M5-22-SK,A47-M5-22-SK,SEAL KIT,SEAL KIT,normalized non-breaking spaces,SET,0,active,true,MTRSP,,MOTOR,ERP Inventory Posting Group,accepted,,,,blank_allowed,,,,none,6/3/2026 4:51 PM,false,
310,717c6c27-0b3e-f011-be59-6045bd157c64,A51-22A-007,A51-22A-007,ADJUSTING CROWN - 3 DEGREE c/w PTA,ADJUSTING CROWN - 3 DEGREE c/w PTA,normalized non-breaking spaces,PCS,1,active,true,MTRSP,,MOTOR,ERP Inventory Posting Group,accepted,,,,blank_allowed,,,,none,9/7/2025 10:32 AM,false,
311,737c6c27-0b3e-f011-be59-6045bd157c64,A51-M5-22-SK,A51-M5-22-SK,SEAL KIT - SERVICE KIT,SEAL KIT - SERVICE KIT,normalized non-breaking spaces,PCS,15,active,true,MTRSP,,MOTOR,ERP Inventory Posting Group,accepted,,,,blank_allowed,,,,none,6/8/2026 6:32 PM,false,
312,757c6c27-0b3e-f011-be59-6045bd157c64,A65-14-020,A65-14-020,ADJUSTING ALIGNMENT KEY,ADJUSTING ALIGNMENT KEY,normalized non-breaking spaces,PCS,1,active,true,MTRSP,,MOTOR,ERP Inventory Posting Group,accepted,,,,blank_allowed,,,,none,2/19/2026 12:00 PM,false,
313,5f67db54-d175-f011-8eef-6045bd6aa283,A65-22-004,A65-22-004,"ADJUSTABLE MANDREL 6-1/2""  ADJUSTABLE ASSEMBLY","ADJUSTABLE MANDREL 6 1/2"" ADJUSTABLE ASSEMBLY",normalized non-breaking spaces; normalized mixed fractions; normalized spacing and punctuation,PCS,0,active,true,MTRSP,,MOTOR,ERP Inventory Posting Group,accepted,"6 1/2""",6.50000,/api/list-options/asset_sizes,asset_size_match,"6 1/2"" -> 6 1/2""",,,none,5/11/2026 5:59 PM,false,
314,777c6c27-0b3e-f011-be59-6045bd157c64,A65-22A-007,A65-22A-007,"CROWN, 3 DEGREE, PTA (7.36"" PAD DIA.)","CROWN, 3 DEGREE, PTA (7.36"" PAD DIA.)",normalized non-breaking spaces,PCS,0,active,true,MTRSP,,MOTOR,ERP Inventory Posting Group,accepted,,,/api/list-options/asset_sizes,blank_allowed,"7.36"" -> 7 3/8""",,,none,9/21/2025 9:35 PM,false,
315,87f5fc06-0cdd-f011-8542-7ced8dace32a,A65-22A-014,A65-22A-014,LOCK HOUSING,LOCK HOUSING,normalized non-breaking spaces,PCS,1,active,true,MTRSP,,MOTOR,ERP Inventory Posting Group,accepted,,,,blank_allowed,,,,none,6/29/2026 5:35 PM,false,
316,d395d574-194d-f111-a820-7ced8d57d948,A65-22A-019,A65-22A-019,"CROWN, 3 DEGREE, PTA (7.62 PAD DIA), 8.50 OR LARGER HOLE","CROWN, 3 DEGREE, PTA (7.62 PAD DIA), 8.50 OR LARGER HOLE",normalized non-breaking spaces,PCS,0,active,true,MTRSP,,MOTOR,ERP Inventory Posting Group,accepted,,,,blank_allowed,,,,none,5/11/2026 1:12 PM,false,
317,d70c7571-0edd-f011-8542-7ced8dace32a,A65-22A-020,A65-22A-020,"CROWN, 3 DEGREE BUTTONS (7.62 PAD DIA) 8.50 HOLE OR LARGER","CROWN, 3 DEGREE BUTTONS (7.62 PAD DIA) 8.50 HOLE OR LARGER",normalized non-breaking spaces,PCS,0,active,true,MTRSP,,MOTOR,ERP Inventory Posting Group,accepted,,,,blank_allowed,,,,none,6/29/2026 5:35 PM,false,
318,797c6c27-0b3e-f011-be59-6045bd157c64,A65-M6-22-SK,A65-M6-22-SK,"SERVICE KIT 6 1/2"" ADJUSTABLE ASSEMBLY AS PER A65-M6-22-SK SEAL KIT ","SERVICE KIT 6 1/2"" ADJUSTABLE ASSEMBLY AS PER A65-M6-22-SK SEAL KIT",normalized non-breaking spaces,PCS,21,active,true,MTRSP,,MOTOR,ERP Inventory Posting Group,accepted,"6 1/2""",6.50000,Description,high,"6 1/2"" -> 6 1/2""",,,none,6/29/2026 5:35 PM,false,
319,11a32968-d075-f011-8eef-6045bd6aa283,A67-M7-22-001,A67-M7-22-001,"ADJUSTABLE BENT SUB, 3 DEG.M6 6-3/4"" ADJUSTABLE ASSEMBLY","ADJUSTABLE BENT SUB, 3 DEG.M6 6 3/4"" ADJUSTABLE ASSEMBLY",normalized non-breaking spaces; normalized mixed fractions,PCS,2,active,true,MTRSP,,MOTOR,ERP Inventory Posting Group,accepted,"6 3/4""",6.75000,/api/list-options/asset_sizes,asset_size_match,"6 3/4"" -> 6 3/4""",,,none,2/19/2026 12:00 PM,false,
320,7b7c6c27-0b3e-f011-be59-6045bd157c64,A77-22-030,A77-22-030,SNAP RING,SNAP RING,normalized non-breaking spaces,PCS,0,active,true,MTRSP,,MOTOR,ERP Inventory Posting Group,accepted,,,,blank_allowed,,,,none,9/21/2025 9:15 PM,false,
321,7d7c6c27-0b3e-f011-be59-6045bd157c64,A77-M6-22-SK,A77-M6-22-SK,SEAL KIT - ADJUSTABLE SERVICE KIT,SEAL KIT - ADJUSTABLE SERVICE KIT,normalized non-breaking spaces,PCS,10,active,true,MTRSP,,MOTOR,ERP Inventory Posting Group,accepted,,,,blank_allowed,,,,none,7/2/2026 3:51 PM,false,
322,7f7c6c27-0b3e-f011-be59-6045bd157c64,A80-14-005,A80-14-005,"ADJUSTING ALIGNMENT KEY 8"" ADJUSTABLE ASSEMBLY ","ADJUSTING ALIGNMENT KEY 8"" ADJUSTABLE ASSEMBLY",normalized non-breaking spaces,PCS,2,active,true,MTRSP,,MOTOR,ERP Inventory Posting Group,accepted,"8""",8.00000,/api/list-options/asset_sizes,asset_size_match,"8"" -> 8""",,,none,5/14/2026 5:11 PM,false,
323,817c6c27-0b3e-f011-be59-6045bd157c64,A80-22-002,A80-22-002,"CROWN, 3 DEGREE, PTA","CROWN, 3 DEGREE, PTA",normalized non-breaking spaces,PCS,0,active,true,MTRSP,,MOTOR,ERP Inventory Posting Group,accepted,,,,blank_allowed,,,,none,4/6/2026 5:16 PM,false,
324,72240aa9-ac67-f011-8eed-00224869e24f,A80-22-M40-001,A80-22-M40-001,ADJUSTABLE BENT SUB (6.995 MOD IF),ADJUSTABLE BENT SUB (6.995 MOD IF),normalized non-breaking spaces,PCS,2,active,true,MTRSP,,MOTOR,ERP Inventory Posting Group,accepted,,,,blank_allowed,,,,none,6/25/2026 1:47 PM,false,
325,acbace55-c143-f111-a820-6045bd1541de,A95-22-004,A95-22-004,ADJUSTABLE MANDREL 3 DEGREE,ADJUSTABLE MANDREL 3 DEGREE,normalized non-breaking spaces,PCS,1,active,true,MTRSP,,MOTOR,ERP Inventory Posting Group,accepted,,,,blank_allowed,,,,none,7/2/2026 3:51 PM,false,
326,837c6c27-0b3e-f011-be59-6045bd157c64,A95-22-005,A95-22-005,"ADJUSTING ALIGNMENT KEY 9 1/2"" ADJUSTABLE  ASSEMBLY","ADJUSTING ALIGNMENT KEY 9 1/2"" ADJUSTABLE ASSEMBLY",normalized non-breaking spaces; normalized spacing and punctuation,PCS,4,active,true,MTRSP,,MOTOR,ERP Inventory Posting Group,accepted,"9 1/2""",9.50000,/api/list-options/asset_sizes,asset_size_match,"9 1/2"" -> 9 1/2""",,,none,5/21/2026 3:25 PM,false,
327,877c6c27-0b3e-f011-be59-6045bd157c64,A95-22-007,A95-22-007,"CROWN, 3 DEGREE, PTA ","CROWN, 3 DEGREE, PTA",normalized non-breaking spaces,PCS,0,active,true,MTRSP,,MOTOR,ERP Inventory Posting Group,accepted,,,,blank_allowed,,,,none,5/21/2026 3:25 PM,false,
328,7c16a7ec-0cdd-f011-8542-7ced8dace32a,A95-22-010,A95-22-010,LOCK HOUSING,LOCK HOUSING,normalized non-breaking spaces,PCS,0,active,true,MTRSP,,MOTOR,ERP Inventory Posting Group,accepted,,,,blank_allowed,,,,none,6/28/2026 4:08 PM,false,
329,857c6c27-0b3e-f011-be59-6045bd157c64,A95-22-030,A95-22-030,"SNAP RING, COIL SPRING 9-1/2"" ADJUSTABLE ASSEMBLY","SNAP RING, COIL SPRING 9 1/2"" ADJUSTABLE ASSEMBLY",normalized non-breaking spaces; normalized mixed fractions,PCS,7,active,true,MTRSP,,MOTOR,ERP Inventory Posting Group,accepted,"9 1/2""",9.50000,/api/list-options/asset_sizes,asset_size_match,"9 1/2"" -> 9 1/2""",,,none,6/14/2026 12:48 AM,false,
330,ffe67bad-0cdd-f011-8542-7ced8dace32a,A95-22-040,A95-22-040,ADJUSTABLE BENT SUB,ADJUSTABLE BENT SUB,normalized non-breaking spaces,PCS,1,active,true,MTRSP,,MOTOR,ERP Inventory Posting Group,accepted,,,,blank_allowed,,,,none,5/21/2026 3:25 PM,false,
331,897c6c27-0b3e-f011-be59-6045bd157c64,A95-22-SK,A95-22-SK,SEAL KIT,SEAL KIT,normalized non-breaking spaces,PCS,12,active,true,MTRSP,,MOTOR,ERP Inventory Posting Group,accepted,,,,blank_allowed,,,,none,6/28/2026 4:08 PM,false,
332,8b7c6c27-0b3e-f011-be59-6045bd157c64,BB0625-01,BB0625-01,"STEEL BALL, 5/8"" DIA. GRADE 100","STEEL BALL, 5/8"" DIA. GRADE 100",normalized non-breaking spaces,PCS,754,active,true,MTRSP,,MOTOR,ERP Inventory Posting Group,accepted,,,/api/list-options/asset_sizes,blank_allowed,"5/8"" -> 5/8""",,,none,6/3/2026 2:33 PM,false,
333,8e7c6c27-0b3e-f011-be59-6045bd157c64,BB1000-01,BB1000-01,"STEEL BALL, 1"" DIA. GRADE 100","STEEL BALL, 1"" DIA. GRADE 100",normalized non-breaking spaces,PCS,3306,active,true,MTRSP,,MOTOR,ERP Inventory Posting Group,accepted,,,/api/list-options/asset_sizes,blank_allowed,"1"" -> 1""",,,none,6/29/2026 5:35 PM,false,
334,907c6c27-0b3e-f011-be59-6045bd157c64,BB1500-01,BB1500-01,"THRUST BALL  STEEL BALL, 1 1/2"" DIA. GRADE 50 or 100","THRUST BALL STEEL BALL, 1 1/2"" DIA. GRADE 50 or 100",normalized non-breaking spaces; normalized spacing and punctuation,PCS,0,active,true,MTRSP,,MOTOR,ERP Inventory Posting Group,accepted,"1 1/2""",1.50000,User-confirmed exception,user_confirmed,"1 1/2"" -> 1 1/2""",,,none,6/22/2026 1:09 PM,false,
335,ef19e2a2-7453-f111-a820-70a8a5214232,BB2000-01,BB2000-01," STEEL BALL, 2"" DIA. GRADE 50 or 100","STEEL BALL, 2"" DIA. GRADE 50 or 100",normalized non-breaking spaces,PCS,0,active,true,MTRSP,,MOTOR,ERP Inventory Posting Group,accepted,,,/api/list-options/asset_sizes,blank_allowed,"2"" -> 2""",,,none,5/20/2026 12:49 PM,false,
336,91f90a6e-3933-f111-bec2-70a8a51df30e,C50-01-001-1,C50-01-001-1,"Crossover sub, 4.375 AM, 3R Floatbore, Hardband, 3-1/2 IF (NC38)","Crossover sub, 4.375 AM, 3R Floatbore, Hardband, 3 1/2 IF (NC38)",normalized non-breaking spaces; normalized mixed fractions,PCS,1,active,true,MTRSP,,MOTOR,ERP Inventory Posting Group,accepted,"3 1/2""",3.50000,/api/list-options/asset_sizes,asset_size_match,"3 1/2 -> 3 1/2""",,,none,6/14/2026 1:00 PM,false,
337,327f672d-0b3e-f011-be59-6045bd157c64,FBH95-22-SK,FBH95-22-SK,"9 1/2"" FIXED BENT HOUSING ASSEMBLY SERVICE KIT","9 1/2"" FIXED BENT HOUSING ASSEMBLY SERVICE KIT",normalized non-breaking spaces,PCS,10,active,true,MTRSP,,MOTOR,ERP Inventory Posting Group,accepted,"9 1/2""",9.50000,Description,high,"9 1/2"" -> 9 1/2""",,,none,6/28/2026 4:08 PM,false,
338,49fa6433-0b3e-f011-be59-6045bd157c64,FP-01,FP-01,"Mud filter Φ 93mm = Φ 3.66”, wall thickness 5mm, material 316 SS","Mud filter Φ 93mm = Φ 3.66"", wall thickness 5mm, material 316 SS",normalized non-breaking spaces; normalized inch marks,PCS,0,active,true,MTRSP,,MOTOR,ERP Inventory Posting Group,accepted,,,/api/list-options/asset_sizes,blank_allowed,"3.66"" -> 3 21/32""",,,none,5/11/2026 5:59 PM,false,
339,4bfa6433-0b3e-f011-be59-6045bd157c64,FP-02,FP-02,"Mud filter Φ 93mm = Φ 3.66”, wall thickness 5mm, material 316 SS","Mud filter Φ 93mm = Φ 3.66"", wall thickness 5mm, material 316 SS",normalized non-breaking spaces; normalized inch marks,PCS,0,active,true,MTRSP,,MOTOR,ERP Inventory Posting Group,accepted,,,/api/list-options/asset_sizes,blank_allowed,"3.66"" -> 3 21/32""",,,none,9/7/2025 10:32 AM,false,
340,4dfa6433-0b3e-f011-be59-6045bd157c64,FP-03,FP-03,"Mud filter Φ 105mm = Φ 4. 13”, wall thickness 5mm, material 316 SS ","Mud filter Φ 105mm = Φ 4.13"", wall thickness 5mm, material 316 SS",normalized non-breaking spaces; normalized inch marks; normalized split decimals,PCS,0,active,true,MTRSP,,MOTOR,ERP Inventory Posting Group,accepted,"4 1/8""",4.12500,/api/list-options/asset_sizes,asset_size_match,"4.13"" -> 4 1/8""",,,none,5/11/2026 5:59 PM,false,
341,4ffa6433-0b3e-f011-be59-6045bd157c64,FP-04,FP-04,"Mud filter Φ 105mm = Φ 4. 13”, wall thickness 5mm, material 316 SS ","Mud filter Φ 105mm = Φ 4.13"", wall thickness 5mm, material 316 SS",normalized non-breaking spaces; normalized inch marks; normalized split decimals,PCS,0,active,true,MTRSP,,MOTOR,ERP Inventory Posting Group,accepted,"4 1/8""",4.12500,/api/list-options/asset_sizes,asset_size_match,"4.13"" -> 4 1/8""",,,none,9/7/2025 10:32 AM,false,
342,51fa6433-0b3e-f011-be59-6045bd157c64,FP-05,FP-05,"Mud filter Φ 105mm = Φ 4. 13”, wall thickness 5mm, material 316 SS ","Mud filter Φ 105mm = Φ 4.13"", wall thickness 5mm, material 316 SS",normalized non-breaking spaces; normalized inch marks; normalized split decimals,PCS,0,active,true,MTRSP,,MOTOR,ERP Inventory Posting Group,accepted,"4 1/8""",4.12500,/api/list-options/asset_sizes,asset_size_match,"4.13"" -> 4 1/8""",,,none,9/7/2025 10:32 AM,false,
343,53fa6433-0b3e-f011-be59-6045bd157c64,FP-06,FP-06,"Mud filter Φ 105mm = Φ 4. 13”, wall thickness 5mm, material 316 SS ","Mud filter Φ 105mm = Φ 4.13"", wall thickness 5mm, material 316 SS",normalized non-breaking spaces; normalized inch marks; normalized split decimals,PCS,0,active,true,MTRSP,,MOTOR,ERP Inventory Posting Group,accepted,"4 1/8""",4.12500,/api/list-options/asset_sizes,asset_size_match,"4.13"" -> 4 1/8""",,,none,9/7/2025 10:32 AM,false,
344,55fa6433-0b3e-f011-be59-6045bd157c64,FP-07,FP-07,"Mud filter Φ 105mm = Φ 4. 13”, wall thickness 5mm, material 316 SS ","Mud filter Φ 105mm = Φ 4.13"", wall thickness 5mm, material 316 SS",normalized non-breaking spaces; normalized inch marks; normalized split decimals,PCS,0,active,true,MTRSP,,MOTOR,ERP Inventory Posting Group,accepted,"4 1/8""",4.12500,/api/list-options/asset_sizes,asset_size_match,"4.13"" -> 4 1/8""",,,none,9/7/2025 10:32 AM,false,
345,57fa6433-0b3e-f011-be59-6045bd157c64,FP-08,FP-08,"Mud filter Φ 105mm = Φ 4. 13”, wall thickness 5mm, material 316 SS ","Mud filter Φ 105mm = Φ 4.13"", wall thickness 5mm, material 316 SS",normalized non-breaking spaces; normalized inch marks; normalized split decimals,PCS,0,active,true,MTRSP,,MOTOR,ERP Inventory Posting Group,accepted,"4 1/8""",4.12500,/api/list-options/asset_sizes,asset_size_match,"4.13"" -> 4 1/8""",,,none,9/7/2025 10:32 AM,false,
346,59fa6433-0b3e-f011-be59-6045bd157c64,FP-09,FP-09,"Mud filter Φ 105mm = Φ 4. 13”, wall thickness 5mm, material 316 SS ","Mud filter Φ 105mm = Φ 4.13"", wall thickness 5mm, material 316 SS",normalized non-breaking spaces; normalized inch marks; normalized split decimals,PCS,0,active,true,MTRSP,,MOTOR,ERP Inventory Posting Group,accepted,"4 1/8""",4.12500,/api/list-options/asset_sizes,asset_size_match,"4.13"" -> 4 1/8""",,,none,9/7/2025 10:32 AM,false,
347,5bfa6433-0b3e-f011-be59-6045bd157c64,FP-10,FP-10,"Mud filter Φ 105mm = Φ 4. 13”, wall thickness 5mm, material 316 SS ","Mud filter Φ 105mm = Φ 4.13"", wall thickness 5mm, material 316 SS",normalized non-breaking spaces; normalized inch marks; normalized split decimals,PCS,0,active,true,MTRSP,,MOTOR,ERP Inventory Posting Group,accepted,"4 1/8""",4.12500,/api/list-options/asset_sizes,asset_size_match,"4.13"" -> 4 1/8""",,,none,9/7/2025 10:32 AM,false,
348,347f672d-0b3e-f011-be59-6045bd157c64,FTS47-01-SK,FTS47-01-SK,SERVICE KIT FLEX TOP SUB,SERVICE KIT FLEX TOP SUB,normalized non-breaking spaces,PCS,15,active,true,MTRSP,,MOTOR,ERP Inventory Posting Group,accepted,,,,blank_allowed,,,,none,6/8/2026 6:32 PM,false,
349,10dd7eba-0fdd-f011-8542-7ced8dace32a,FTS47-02A,FTS47-02A,"FLEX TOP SUB - 4.375"" MOD ACME NOSE SEAL PIN X 3 1/2"" I.F BOX C/W 3R FLOAT BORE & HARDBAND","FLEX TOP SUB - 4.375"" MOD ACME NOSE SEAL PIN X 3 1/2"" I.F BOX C/W 3R FLOAT BORE & HARDBAND",normalized non-breaking spaces,PCS,0,active,true,MTRSP,,MOTOR,ERP Inventory Posting Group,accepted,"3 1/2""",3.50000,/api/list-options/asset_sizes,asset_size_match,"4.375"" -> 4 3/8"" | 3 1/2"" -> 3 1/2""",,,none,6/14/2026 1:02 PM,false,
350,367f672d-0b3e-f011-be59-6045bd157c64,FTS67-01-SK,FTS67-01-SK,"6-3/4"" FLEX TOP SUB SERVICE KIT","6 3/4"" FLEX TOP SUB SERVICE KIT",normalized non-breaking spaces; normalized mixed fractions,PCS,11,active,true,MTRSP,,MOTOR,ERP Inventory Posting Group,accepted,"6 3/4""",6.75000,Description,high,"6 3/4"" -> 6 3/4""",,,none,6/29/2026 5:35 PM,false,
351,387f672d-0b3e-f011-be59-6045bd157c64,FTS80-01-SK,FTS80-01-SK,"8"" FLEX TOP SUB SERVICE KIT","8"" FLEX TOP SUB SERVICE KIT",normalized non-breaking spaces,PCS,9,active,true,MTRSP,,MOTOR,ERP Inventory Posting Group,accepted,"8""",8.00000,Description,high,"8"" -> 8""",,,none,6/25/2026 1:52 PM,false,
352,43ff50a1-0edd-f011-8542-7ced8dace32a,FTS95-02B,FTS95-02B,FLEX TOP SUB (8.535 MOD IF-NS PIN X 7 5/8 REG BOX) C/W 6R FLOAT BORE & HARDBAND ,FLEX TOP SUB (8.535 MOD IF-NS PIN X 7 5/8 REG BOX) C/W 6R FLOAT BORE & HARDBAND,normalized non-breaking spaces,PCS,1,active,true,MTRSP,,MOTOR,ERP Inventory Posting Group,accepted,,,/api/list-options/asset_sizes,blank_allowed,"7 5/8 -> 7 5/8""",,,none,4/29/2026 1:06 PM,false,
353,0279fbfd-3433-f111-bec2-70a8a51df30e,H47-M7-001,H47-M7-001,OUTPUT MANDREL  (3 1/2 API REG),OUTPUT MANDREL (3 1/2 API REG),normalized non-breaking spaces; normalized spacing and punctuation,PCS,0,active,true,MTRSP,,MOTOR,ERP Inventory Posting Group,accepted,"3 1/2""",3.50000,/api/list-options/asset_sizes,asset_size_match,"3 1/2 -> 3 1/2""",,,none,6/3/2026 4:51 PM,false,
354,8a071acd-1549-f111-a820-70a8a5227214,H47-M7-002,H47-M7-002,THRUST HOUSING,THRUST HOUSING,normalized non-breaking spaces,PCS,1,active,true,MTRSP,,MOTOR,ERP Inventory Posting Group,accepted,,,,blank_allowed,,,,none,5/19/2026 11:37 AM,false,
355,497f672d-0b3e-f011-be59-6045bd157c64,H47-M7-003-03,H47-M7-003-03,"ROTATING FLOW RESTRICTOR, LOWER, TILED","ROTATING FLOW RESTRICTOR, LOWER, TILED",normalized non-breaking spaces,PCS,1,active,true,MTRSP,,MOTOR,ERP Inventory Posting Group,accepted,,,,blank_allowed,,,,none,6/25/2026 1:52 PM,false,
356,3a7f672d-0b3e-f011-be59-6045bd157c64,H47-M7-004-03,H47-M7-004-03,"STATIONARY FLOW RESTRICTOR, LOWER, TILED","STATIONARY FLOW RESTRICTOR, LOWER, TILED",normalized non-breaking spaces,PCS,0,active,true,MTRSP,,MOTOR,ERP Inventory Posting Group,accepted,,,,blank_allowed,,,,none,6/3/2026 3:54 PM,false,
357,025815b5-3733-f111-bec2-70a8a51df30e,H47-M7-005,H47-M7-005,SAFETY NUT,SAFETY NUT,normalized non-breaking spaces,PCS,0,active,true,MTRSP,,MOTOR,ERP Inventory Posting Group,accepted,,,,blank_allowed,,,,none,6/3/2026 4:51 PM,false,
358,3c7f672d-0b3e-f011-be59-6045bd157c64,H47-M7-007-01,H47-M7-007-01,"ROTATING FLOW RESTRICTOR, UPPER, PTA","ROTATING FLOW RESTRICTOR, UPPER, PTA",normalized non-breaking spaces,PCS,0,active,true,MTRSP,,MOTOR,ERP Inventory Posting Group,accepted,,,,blank_allowed,,,,none,6/3/2026 3:54 PM,false,
359,3e7f672d-0b3e-f011-be59-6045bd157c64,H47-M7-008-01,H47-M7-008-01,"STATIONARY FLOW RESTRICTOR, UPPER, PTA","STATIONARY FLOW RESTRICTOR, UPPER, PTA",normalized non-breaking spaces,PCS,0,active,true,MTRSP,,MOTOR,ERP Inventory Posting Group,accepted,,,,blank_allowed,,,,none,6/3/2026 3:54 PM,false,
360,407f672d-0b3e-f011-be59-6045bd157c64,H47-M7-013,H47-M7-013,"BEARING SPACER, LOWER HOUSING","BEARING SPACER, LOWER HOUSING",normalized non-breaking spaces,PCS,4,active,true,MTRSP,,MOTOR,ERP Inventory Posting Group,accepted,,,,blank_allowed,,,,none,6/3/2026 4:20 PM,false,
361,427f672d-0b3e-f011-be59-6045bd157c64,H47-M7-014,H47-M7-014,"BEARING SPACER, UPPER SHAFT","BEARING SPACER, UPPER SHAFT",normalized non-breaking spaces,PCS,3,active,true,MTRSP,,MOTOR,ERP Inventory Posting Group,accepted,,,,blank_allowed,,,,none,6/25/2026 1:52 PM,false,
362,467f672d-0b3e-f011-be59-6045bd157c64,H47-M7-024,H47-M7-024,BEARING RACES (SET),BEARING RACES (SET),normalized non-breaking spaces,PCS,1,active,true,MTRSP,,MOTOR,ERP Inventory Posting Group,accepted,,,,blank_allowed,,,,none,11/25/2025 3:36 PM,false,
363,ad0c7a52-194d-f111-a820-7ced8d57d948,H47-M7A-031-03,H47-M7A-031-03,"ROTATING FLOW RESTRICTOR, LOWER TILED","ROTATING FLOW RESTRICTOR, LOWER TILED",normalized non-breaking spaces,PCS,0,active,true,MTRSP,,MOTOR,ERP Inventory Posting Group,accepted,,,,blank_allowed,,,,none,5/17/2026 10:36 AM,false,
364,f59dc24d-196e-f111-ab0a-70a8a51ea4ef,H47-M7A-2-SK,H47-M7A-2-SK,"SERVICE KIT, 4 3/4"" M7 BEARING ASSEMBLY","SERVICE KIT, 4 3/4"" M7 BEARING ASSEMBLY",normalized non-breaking spaces,SET,0,active,true,MTRSP,,MOTOR,ERP Inventory Posting Group,accepted,"4 3/4""",4.75000,Description,high,"4 3/4"" -> 4 3/4""",,,none,6/22/2026 1:04 PM,false,
365,4c7f672d-0b3e-f011-be59-6045bd157c64,H47-M7-SK,H47-M7-SK,SERVICE KIT - BEARING ASSEMBLY - M7 MUD,SERVICE KIT - BEARING ASSEMBLY - M7 MUD,normalized non-breaking spaces,PCS,16,active,true,MTRSP,,MOTOR,ERP Inventory Posting Group,accepted,,,,blank_allowed,,,,none,6/8/2026 6:32 PM,false,
366,4e7f672d-0b3e-f011-be59-6045bd157c64,H47-M7-T004,H47-M7-T004,BEARING STOP NUT,BEARING STOP NUT,normalized non-breaking spaces,PCS,1,active,true,MTRSP,,MOTOR,ERP Inventory Posting Group,accepted,,,,blank_allowed,,,,none,9/7/2025 10:32 AM,false,
367,c8607cef-3733-f111-bec2-70a8a51df30e,H47-M8-024,H47-M8-024,"BEARING STACK, WITH CERAMIC BALLS","BEARING STACK, WITH CERAMIC BALLS",normalized non-breaking spaces,PCS,0,active,true,MTRSP,,MOTOR,ERP Inventory Posting Group,accepted,,,,blank_allowed,,,,none,6/3/2026 4:51 PM,false,
368,507f672d-0b3e-f011-be59-6045bd157c64,H65-21-012,H65-21-012,"ADJUSTING ALIGNMENT KEY 6 1/2"" HIGH  BUILD RATE BEARINGASSEMBLY","ADJUSTING ALIGNMENT KEY 6 1/2"" HIGH BUILD RATE BEARINGASSEMBLY",normalized non-breaking spaces; normalized spacing and punctuation,PCS,2,active,true,MTRSP,,MOTOR,ERP Inventory Posting Group,accepted,"6 1/2""",6.50000,/api/list-options/asset_sizes,asset_size_match,"6 1/2"" -> 6 1/2""",,,none,5/14/2026 5:17 PM,false,
369,a32d7bcb-80a3-f011-bbd0-0022480d7431,H65-M7-001,H65-M7-001,"OUTPUT MANDREL, MUD LUBE","OUTPUT MANDREL, MUD LUBE",normalized non-breaking spaces,PCS,2,active,true,MTRSP,,MOTOR,ERP Inventory Posting Group,accepted,,,,blank_allowed,,,,none,6/25/2026 1:47 PM,false,
370,527f672d-0b3e-f011-be59-6045bd157c64,H65-M7-003,H65-M7-003,"ROTATING FLOW RESTRICTOR, LOWER, TILED","ROTATING FLOW RESTRICTOR, LOWER, TILED",normalized non-breaking spaces,PCS,0,active,true,MTRSP,,MOTOR,ERP Inventory Posting Group,accepted,,,,blank_allowed,,,,none,9/21/2025 9:39 PM,false,
371,96258f40-c7bf-f011-bbd1-7ced8d7aa483,H65-M7-003-03,H65-M7-003-03,"ROTATING FLOW RESTRICTOR, LOWER, TILED, WZL","ROTATING FLOW RESTRICTOR, LOWER, TILED, WZL",normalized non-breaking spaces,PCS,5,active,true,MTRSP,,MOTOR,ERP Inventory Posting Group,accepted,,,,blank_allowed,,,,none,6/29/2026 5:35 PM,false,
372,88b3dfc0-196e-f111-ab0a-70a8a51ea4ef,H65-M7-005,H65-M7-005,SAFETY NUT,SAFETY NUT,normalized non-breaking spaces,PCS,0,active,true,MTRSP,,MOTOR,ERP Inventory Posting Group,accepted,,,,blank_allowed,,,,none,6/22/2026 1:07 PM,false,
373,31c7039d-196e-f111-ab0a-70a8a51ea4ef,H67-M7-002,H67-M7-002,THRUST HOUSING,THRUST HOUSING,normalized non-breaking spaces,PCS,0,active,true,MTRSP,,MOTOR,ERP Inventory Posting Group,accepted,,,,blank_allowed,,,,none,6/22/2026 1:06 PM,false,
374,547f672d-0b3e-f011-be59-6045bd157c64,H67-M7-004,H67-M7-004,"STATIONARY FLOW RESTRICTOR, LOWER, TILED","STATIONARY FLOW RESTRICTOR, LOWER, TILED",normalized non-breaking spaces,PCS,0,active,true,MTRSP,,MOTOR,ERP Inventory Posting Group,accepted,,,,blank_allowed,,,,none,4/6/2026 5:33 PM,false,
375,1c36fb7b-154d-f111-a820-7ced8d57d948,H67-M7-004-03,H67-M7-004-03,"STATIONARY FLOW RESTRICTOR,  LOWER, TILED,","STATIONARY FLOW RESTRICTOR, LOWER, TILED,",normalized non-breaking spaces; normalized spacing and punctuation,PCS,0,active,true,MTRSP,,MOTOR,ERP Inventory Posting Group,accepted,,,,blank_allowed,,,,none,5/11/2026 1:03 PM,false,
376,567f672d-0b3e-f011-be59-6045bd157c64,H67-M7-007-01,H67-M7-007-01,"ROTATING FLOW RESTRICTOR, UPPER, PTA","ROTATING FLOW RESTRICTOR, UPPER, PTA",normalized non-breaking spaces,PCS,3,active,true,MTRSP,,MOTOR,ERP Inventory Posting Group,accepted,,,,blank_allowed,,,,none,6/25/2026 1:40 PM,false,
377,5b7f672d-0b3e-f011-be59-6045bd157c64,H67-M7-008,H67-M7-008,"STATIONARY FLOW RESTRICTOR, UPPER, PTA","STATIONARY FLOW RESTRICTOR, UPPER, PTA",normalized non-breaking spaces,PCS,0,active,true,MTRSP,,MOTOR,ERP Inventory Posting Group,accepted,,,,blank_allowed,,,,none,6/29/2026 5:35 PM,false,
378,0af41b49-184d-f111-a820-7ced8d57d948,H67-M7-008-01,H67-M7-008-01,"STATIONARY FLOW RESTRICTOR, UPPER PTA","STATIONARY FLOW RESTRICTOR, UPPER PTA",normalized non-breaking spaces,PCS,0,active,true,MTRSP,,MOTOR,ERP Inventory Posting Group,accepted,,,,blank_allowed,,,,none,5/17/2026 10:42 AM,false,
379,5e7f672d-0b3e-f011-be59-6045bd157c64,H67-M7-013,H67-M7-013,"BEARING SPACER, LOWER HOUSING","BEARING SPACER, LOWER HOUSING",normalized non-breaking spaces,PCS,4,active,true,MTRSP,,MOTOR,ERP Inventory Posting Group,accepted,,,,blank_allowed,,,,none,5/11/2026 5:59 PM,false,
380,607f672d-0b3e-f011-be59-6045bd157c64,H67-M7-014,H67-M7-014,"BEARING SPACER, UPPER SHAFT","BEARING SPACER, UPPER SHAFT",normalized non-breaking spaces,PCS,6,active,true,MTRSP,,MOTOR,ERP Inventory Posting Group,accepted,,,,blank_allowed,,,,none,3/30/2026 3:01 PM,false,
381,d96a6adb-8cdb-f011-8542-7ced8dace32a,H67-M7-015,H67-M7-015,ROTATING FLOW RESTRICTOR,ROTATING FLOW RESTRICTOR,normalized non-breaking spaces,PCS,0,active,true,MTRSP,,MOTOR,ERP Inventory Posting Group,accepted,,,,blank_allowed,,,,none,4/6/2026 5:33 PM,false,
382,41eb2b1b-8ddb-f011-8542-7ced8dace32a,H67-M7-016,H67-M7-016,"STATIONARY FLOW RESTRICTOR, LOWER","STATIONARY FLOW RESTRICTOR, LOWER",normalized non-breaking spaces,PCS,1,active,true,MTRSP,,MOTOR,ERP Inventory Posting Group,accepted,,,,blank_allowed,,,,none,4/6/2026 5:33 PM,false,
383,627f672d-0b3e-f011-be59-6045bd157c64,H67-M7-024,H67-M7-024,BEARING RACES (675 M7),BEARING RACES (675 M7),normalized non-breaking spaces,PCS,0,active,true,MTRSP,,MOTOR,ERP Inventory Posting Group,accepted,,,,blank_allowed,,,,none,6/25/2026 1:40 PM,false,
384,647f672d-0b3e-f011-be59-6045bd157c64,H67-M7-SK,H67-M7-SK,SERVICE KIT - MUD-LUBE BEARING ASSEMBLY,SERVICE KIT - MUD-LUBE BEARING ASSEMBLY,normalized non-breaking spaces,PCS,21,active,true,MTRSP,,MOTOR,ERP Inventory Posting Group,accepted,,,,blank_allowed,,,,none,6/29/2026 5:35 PM,false,
385,667f672d-0b3e-f011-be59-6045bd157c64,H67-M7-T002,H67-M7-T002,FLOW RESTRICTOR REMOVAL TOOL,FLOW RESTRICTOR REMOVAL TOOL,normalized non-breaking spaces,PCS,1,active,true,MTRSP,,MOTOR,ERP Inventory Posting Group,accepted,,,,blank_allowed,,,,none,9/7/2025 10:32 AM,false,
386,687f672d-0b3e-f011-be59-6045bd157c64,H67-M7-T004,H67-M7-T004,BEARING STOP NUT,BEARING STOP NUT,normalized non-breaking spaces,PCS,0,active,true,MTRSP,,MOTOR,ERP Inventory Posting Group,accepted,,,,blank_allowed,,,,none,2/19/2026 12:00 PM,false,
387,6a7f672d-0b3e-f011-be59-6045bd157c64,H80-M40-006,H80-M40-006,PRECISION MANDREL SPACER,PRECISION MANDREL SPACER,normalized non-breaking spaces,PCS,4,active,true,MTRSP,,MOTOR,ERP Inventory Posting Group,accepted,,,,blank_allowed,,,,none,7/2/2026 3:51 PM,false,
388,6c7f672d-0b3e-f011-be59-6045bd157c64,H80-M40-008-01,H80-M40-008-01,"ROTATING FLOW RESTRICTOR, UPPER, PTA","ROTATING FLOW RESTRICTOR, UPPER, PTA",normalized non-breaking spaces,PCS,3,active,true,MTRSP,,MOTOR,ERP Inventory Posting Group,accepted,,,,blank_allowed,,,,none,5/11/2026 5:59 PM,false,
389,6e7f672d-0b3e-f011-be59-6045bd157c64,H80-M40-009-01,H80-M40-009-01,"STATIONARY FLOW RESTRICTOR, UPPER, PTA","STATIONARY FLOW RESTRICTOR, UPPER, PTA",normalized non-breaking spaces,PCS,3,active,true,MTRSP,,MOTOR,ERP Inventory Posting Group,accepted,,,,blank_allowed,,,,none,5/11/2026 5:59 PM,false,
390,707f672d-0b3e-f011-be59-6045bd157c64,H80-M40-013,H80-M40-013,PRECISION HOUSING SPACER,PRECISION HOUSING SPACER,normalized non-breaking spaces,PCS,4,active,true,MTRSP,,MOTOR,ERP Inventory Posting Group,accepted,,,,blank_allowed,,,,none,9/7/2025 10:32 AM,false,
391,727f672d-0b3e-f011-be59-6045bd157c64,H80-M40-015-01,H80-M40-015-01,"ROTATING FLOW RESTRICTOR, LOWER, TILED","ROTATING FLOW RESTRICTOR, LOWER, TILED",normalized non-breaking spaces,PCS,0,active,true,MTRSP,,MOTOR,ERP Inventory Posting Group,accepted,,,,blank_allowed,,,,none,2/19/2026 12:00 PM,false,
392,9ae2ca20-0ddd-f011-8542-7ced8dace32a,H80-M40-015-03,H80-M40-015-03,"ROTATING FLOW RESTRICTOR, LOWER, TILED","ROTATING FLOW RESTRICTOR, LOWER, TILED",normalized non-breaking spaces,PCS,3,active,true,MTRSP,,MOTOR,ERP Inventory Posting Group,accepted,,,,blank_allowed,,,,none,5/13/2026 3:54 PM,false,
393,747f672d-0b3e-f011-be59-6045bd157c64,H80-M40-016-01,H80-M40-016-01,"STATIONARY FLOW RESTRICTOR, LOWER, TILED","STATIONARY FLOW RESTRICTOR, LOWER, TILED",normalized non-breaking spaces,PCS,0,active,true,MTRSP,,MOTOR,ERP Inventory Posting Group,accepted,,,,blank_allowed,,,,none,2/19/2026 12:00 PM,false,
394,5e3ad44e-0ddd-f011-8542-7ced8dace32a,H80-M40-016-03,H80-M40-016-03,"STATIONARY FLOW RESTRICTOR, LOWER, TILED","STATIONARY FLOW RESTRICTOR, LOWER, TILED",normalized non-breaking spaces,PCS,5,active,true,MTRSP,,MOTOR,ERP Inventory Posting Group,accepted,,,,blank_allowed,,,,none,5/11/2026 5:59 PM,false,
395,767f672d-0b3e-f011-be59-6045bd157c64,H80-M40-019,H80-M40-019,RETAINER RING,RETAINER RING,normalized non-breaking spaces,PCS,1,active,true,MTRSP,,MOTOR,ERP Inventory Posting Group,accepted,,,,blank_allowed,,,,none,9/7/2025 10:32 AM,false,
396,787f672d-0b3e-f011-be59-6045bd157c64,H80-M40-024,H80-M40-024,BEARING STACK,BEARING STACK,normalized non-breaking spaces,PCS,0,active,true,MTRSP,,MOTOR,ERP Inventory Posting Group,accepted,,,,blank_allowed,,,,none,2/19/2026 12:00 PM,false,
397,618ab916-0bdd-f011-8542-7ced8dace32a,H80-M40-024-01,H80-M40-024-01,"MUDLUBE BEARING STACK, 8"" MOTOR, WITH BALLS","MUDLUBE BEARING STACK, 8"" MOTOR, WITH BALLS",normalized non-breaking spaces,PCS,1,active,true,MTRSP,,MOTOR,ERP Inventory Posting Group,accepted,"8""",8.00000,/api/list-options/asset_sizes,asset_size_match,"8"" -> 8""",,,none,4/30/2026 1:08 PM,false,
398,7a7f672d-0b3e-f011-be59-6045bd157c64,H80-M40A-SK,H80-M40A-SK,"SERVICE KIT, 8"" BEARING ASSEMBLY","SERVICE KIT, 8"" BEARING ASSEMBLY",normalized non-breaking spaces,PCS,12,active,true,MTRSP,,MOTOR,ERP Inventory Posting Group,accepted,"8""",8.00000,Description,high,"8"" -> 8""",,,none,6/14/2026 12:52 AM,false,
399,7c7f672d-0b3e-f011-be59-6045bd157c64,H80-M40-T001,H80-M40-T001,BEARING STOP NUT (ASSEMBLY TOOL),BEARING STOP NUT (ASSEMBLY TOOL),normalized non-breaking spaces,PCS,0,active,true,MTRSP,,MOTOR,ERP Inventory Posting Group,accepted,,,,blank_allowed,,,,none,9/7/2025 10:32 AM,false,
400,7e7f672d-0b3e-f011-be59-6045bd157c64,H80-M40-TOOL-01,H80-M40-TOOL-01,HARD SURFACE MEASURING SLEEVE FOR 8IN M40 STATIONARY FLOW RESTICTOR,HARD SURFACE MEASURING SLEEVE FOR 8IN M40 STATIONARY FLOW RESTICTOR,normalized non-breaking spaces,PCS,0,active,true,MTRSP,,MOTOR,ERP Inventory Posting Group,accepted,,,,blank_allowed,,,,none,9/7/2025 10:32 AM,false,
401,3ab4bfc8-cd46-f111-a820-6045bd1541de,H95-M7-001,H95-M7-001,OUTPUT MANDREL,OUTPUT MANDREL,normalized non-breaking spaces,PCS,0,active,true,MTRSP,,MOTOR,ERP Inventory Posting Group,accepted,,,,blank_allowed,,,,none,6/3/2026 3:07 PM,false,
402,80313331-714f-f011-be59-6045bd1560f7,H95-M7-002,H95-M7-002,THRUST HOUSING,THRUST HOUSING,normalized non-breaking spaces,PCS,1,active,true,MTRSP,,MOTOR,ERP Inventory Posting Group,accepted,,,,blank_allowed,,,,none,5/21/2026 3:25 PM,false,
403,38876f2f-c143-f111-a820-6045bd1541de,H95-M7-005,H95-M7-005,SAFETY NUT,SAFETY NUT,normalized non-breaking spaces,PCS,1,active,true,MTRSP,,MOTOR,ERP Inventory Posting Group,accepted,,,,blank_allowed,,,,none,5/19/2026 11:37 AM,false,
404,807f672d-0b3e-f011-be59-6045bd157c64,H95-M7-006,H95-M7-006,"BEARING SPACER, LOWER HOUSING","BEARING SPACER, LOWER HOUSING",normalized non-breaking spaces,PCS,3,active,true,MTRSP,,MOTOR,ERP Inventory Posting Group,accepted,,,,blank_allowed,,,,none,5/21/2026 3:25 PM,false,
405,827f672d-0b3e-f011-be59-6045bd157c64,H95-M7-007-01,H95-M7-007-01,"ROTATING FLOW RESTRICTOR, UPPER, PTA","ROTATING FLOW RESTRICTOR, UPPER, PTA",normalized non-breaking spaces,PCS,3,active,true,MTRSP,,MOTOR,ERP Inventory Posting Group,accepted,,,,blank_allowed,,,,none,5/21/2026 3:25 PM,false,
406,847f672d-0b3e-f011-be59-6045bd157c64,H95-M7-008-01,H95-M7-008-01,"STATIONARY FLOW RESTRICTOR, UPPER, PTA","STATIONARY FLOW RESTRICTOR, UPPER, PTA",normalized non-breaking spaces,PCS,3,active,true,MTRSP,,MOTOR,ERP Inventory Posting Group,accepted,,,,blank_allowed,,,,none,5/21/2026 3:25 PM,false,
407,867f672d-0b3e-f011-be59-6045bd157c64,H95-M7-009,H95-M7-009,"BEARING SPACER, UPPER SHAFT","BEARING SPACER, UPPER SHAFT",normalized non-breaking spaces,PCS,2,active,true,MTRSP,,MOTOR,ERP Inventory Posting Group,accepted,,,,blank_allowed,,,,none,5/21/2026 3:25 PM,false,
408,887f672d-0b3e-f011-be59-6045bd157c64,H95-M7-015,H95-M7-015,"ROTATING FLOW RESTRICTOR, LOWER, TILED","ROTATING FLOW RESTRICTOR, LOWER, TILED",normalized non-breaking spaces,PCS,2,active,true,MTRSP,,MOTOR,ERP Inventory Posting Group,accepted,,,,blank_allowed,,,,none,5/21/2026 3:25 PM,false,
409,8a7f672d-0b3e-f011-be59-6045bd157c64,H95-M7-016,H95-M7-016,"STATIONARY FLOW RESTRICTOR, LOWER, TILED","STATIONARY FLOW RESTRICTOR, LOWER, TILED",normalized non-breaking spaces,PCS,3,active,true,MTRSP,,MOTOR,ERP Inventory Posting Group,accepted,,,,blank_allowed,,,,none,6/25/2026 1:47 PM,false,
410,8c7f672d-0b3e-f011-be59-6045bd157c64,H95-M7-024,H95-M7-024,MUDLUBE BEARING STACK,MUDLUBE BEARING STACK,normalized non-breaking spaces,PCS,0,active,true,MTRSP,,MOTOR,ERP Inventory Posting Group,accepted,,,,blank_allowed,,,,none,5/21/2026 3:25 PM,false,
411,2b1b74f9-c043-f111-a820-6045bd1541de,H95-M7-101,H95-M7-101,"OUTPUT MANDREL (7 5/8"" API REG BOX)","OUTPUT MANDREL (7 5/8"" API REG BOX)",normalized non-breaking spaces,PCS,0,active,true,MTRSP,,MOTOR,ERP Inventory Posting Group,accepted,,,/api/list-options/asset_sizes,blank_allowed,"7 5/8"" -> 7 5/8""",,,none,4/29/2026 3:46 PM,false,
412,8e7f672d-0b3e-f011-be59-6045bd157c64,H95-M7-SK,H95-M7-SK,SERVICE KIT - BEARING ASSEMBLY,SERVICE KIT - BEARING ASSEMBLY,normalized non-breaking spaces,PCS,12,active,true,MTRSP,,MOTOR,ERP Inventory Posting Group,accepted,,,,blank_allowed,,,,none,6/28/2026 4:08 PM,false,
413,2a9c34c9-5ef4-f011-8405-70a8a51f6059,H95-M7-T001,H95-M7-T001,BEARING ASSEMBLY NUT,BEARING ASSEMBLY NUT,normalized non-breaking spaces,PCS,0,active,true,MTRSP,,MOTOR,ERP Inventory Posting Group,accepted,,,,blank_allowed,,,,none,2/22/2026 10:53 AM,false,
414,907f672d-0b3e-f011-be59-6045bd157c64,H96-M40B-T001,H96-M40B-T001,"BEARING STOP NUT FOR 9.63"" M40B BEARING ASSEMBLY","BEARING STOP NUT FOR 9.63"" M40B BEARING ASSEMBLY",normalized non-breaking spaces,PCS,1,active,true,MTRSP,,MOTOR,ERP Inventory Posting Group,accepted,"9 5/8""",9.62500,/api/list-options/asset_sizes,asset_size_match,"9.63"" -> 9 5/8""",,,none,11/25/2025 2:36 PM,false,
415,487d9847-7ddb-f011-8542-7ced8dace32a,HJDA47-S6-SK2,HJDA47-S6-SK2,"SERVICE KIT, 4-3/4"" DOUBLE ACTING HYD. JAR,AS PER HJDA47-S6-SK2","SERVICE KIT, 4 3/4"" DOUBLE ACTING HYD. JAR, AS PER HJDA47-S6-SK2",normalized non-breaking spaces; normalized mixed fractions; normalized spacing and punctuation,PCS,20,active,true,MTRSP,,MOTOR,ERP Inventory Posting Group,accepted,"4 3/4""",4.75000,Description,high,"4 3/4"" -> 4 3/4""",,,none,3/15/2026 3:55 PM,false,
416,6e57b7ee-09dd-f011-8542-7ced8dace32a,HJDA65-S5-SK2,HJDA65-S5-SK2,"SERVICE KIT 6 1/2"" DOUBLE ACTING HYD JAR AS PER HJDA65-S5-SK2 . ","SERVICE KIT 6 1/2"" DOUBLE ACTING HYD JAR AS PER HJDA65-S5-SK2 .",normalized non-breaking spaces,PCS,19,active,true,MTRSP,,MOTOR,ERP Inventory Posting Group,accepted,"6 1/2""",6.50000,Description,high,"6 1/2"" -> 6 1/2""",,,none,4/30/2026 3:50 PM,false,
417,db595364-cb1a-f111-8340-70a8a5229062,KC-203RS.009,KC-203RS.009,FIXING BALL,FIXING BALL,normalized non-breaking spaces,PCS,1,active,true,MTRSP,,MOTOR,ERP Inventory Posting Group,accepted,,,,blank_allowed,,,,none,5/11/2026 5:59 PM,false,
418,49511e5f-11df-f011-8542-7ced8dace32a,KC-210RS.015,KC-210RS.015,Polymer ball ,Polymer ball,normalized non-breaking spaces,PCS,12,active,true,MTRSP,,MOTOR,ERP Inventory Posting Group,accepted,,,,blank_allowed,,,,none,3/15/2026 11:42 AM,false,
419,3f32faa5-10df-f011-8542-7ced8dace32a,KC-210RS.018,KC-210RS.018,Lip seal ,Lip seal,normalized non-breaking spaces,PCS,8,active,true,MTRSP,,MOTOR,ERP Inventory Posting Group,accepted,,,,blank_allowed,,,,none,3/15/2026 11:42 AM,false,
420,a8c6a626-10df-f011-8542-7ced8dace32a,KC-210RS.811,KC-210RS.811,Valve assembly tool ,Valve assembly tool,normalized non-breaking spaces,PCS,1,active,true,MTRSP,,MOTOR,ERP Inventory Posting Group,accepted,,,,blank_allowed,,,,none,3/15/2026 11:42 AM,false,
421,3afa6433-0b3e-f011-be59-6045bd157c64,KW2936-04,KW2936-04,Float valve,Float valve,normalized non-breaking spaces,PCS,0,active,true,MTRSP,,FLOAT VALVE,ERP Inventory Posting Group + name,high,,,,blank_allowed,,,,none,3/5/2026 11:36 AM,false,
422,38fa6433-0b3e-f011-be59-6045bd157c64,KW2936-05,KW2936-05,Float valve,Float valve,normalized non-breaking spaces,PCS,0,active,true,MTRSP,,FLOAT VALVE,ERP Inventory Posting Group + name,high,,,,blank_allowed,,,,none,3/5/2026 11:37 AM,false,
423,294138e3-c73e-f011-be59-00224869d68d,KW2936-06,KW2936-06,Float valve,Float valve,normalized non-breaking spaces,PCS,0,active,true,MTRSP,,FLOAT VALVE,ERP Inventory Posting Group + name,high,,,,blank_allowed,,,,none,3/5/2026 11:37 AM,false,
424,36fa6433-0b3e-f011-be59-6045bd157c64,KW2936-08,KW2936-08,Float valve,Float valve,normalized non-breaking spaces,PCS,0,active,true,MTRSP,,FLOAT VALVE,ERP Inventory Posting Group + name,high,,,,blank_allowed,,,,none,3/5/2026 11:37 AM,false,
425,dd713b18-ce46-f111-a820-6045bd1541de,LDC 54428#1,LDC 54428#1,THREADING INSERT,THREADING INSERT,normalized non-breaking spaces,PCS,2,active,true,MTRSP,,MOTOR,ERP Inventory Posting Group,accepted,,,,blank_allowed,,,,none,6/2/2026 2:09 PM,false,
426,45fa6433-0b3e-f011-be59-6045bd157c64,NAF-11,NAF-11,Float Sub,Float Sub,normalized non-breaking spaces,PCS,0,active,true,MTRSP,,FLOAT SUB,ERP Inventory Posting Group + name,high,,,,blank_allowed,,,,none,9/7/2025 10:32 AM,false,
427,47fa6433-0b3e-f011-be59-6045bd157c64,NAF-12,NAF-12,Float Sub,Float Sub,normalized non-breaking spaces,PCS,0,active,true,MTRSP,,FLOAT SUB,ERP Inventory Posting Group + name,high,,,,blank_allowed,,,,none,9/7/2025 10:32 AM,false,
428,5ebead71-10df-f011-8542-7ced8dace32a,PR-KC-210RS.002,PR-KC-210RS.002,Cross-edged wrench,Cross-edged wrench,normalized non-breaking spaces,PCS,1,active,true,MTRSP,,MOTOR,ERP Inventory Posting Group,accepted,,,,blank_allowed,,,,none,3/15/2026 11:42 AM,false,
429,1dd71a27-10dd-f011-8542-7ced8dace32a,RR47-S9-01,RR47-S9-01,ROTOR RETAINER SUB--4.375AM,ROTOR RETAINER SUB--4.375AM,normalized non-breaking spaces,PCS,0,active,true,MTRSP,,MOTOR,ERP Inventory Posting Group,accepted,,,,blank_allowed,,,,none,6/14/2026 1:02 PM,false,
430,746cd74a-10dd-f011-8542-7ced8dace32a,RR47-S9-03,RR47-S9-03,ROTOR RETAINER SHAFT NUT,ROTOR RETAINER SHAFT NUT,normalized non-breaking spaces,PCS,1,active,true,MTRSP,,MOTOR,ERP Inventory Posting Group,accepted,,,,blank_allowed,,,,none,4/29/2026 1:07 PM,false,
431,892bdbf1-0fdd-f011-8542-7ced8dace32a,RR47-S9-19,RR47-S9-19,ROTOR RETAINER SHAFT (21.0 LONG - 1.50 6 STUB ACME),ROTOR RETAINER SHAFT (21.0 LONG - 1.50 6 STUB ACME),normalized non-breaking spaces,PCS,1,active,true,MTRSP,,MOTOR,ERP Inventory Posting Group,accepted,,,,blank_allowed,,,,none,4/29/2026 1:07 PM,false,
432,73494f54-3933-f111-bec2-70a8a51df30e,RR47-S9-22,RR47-S9-22,"ROTOR RETAINER SHAFT, 0.24 ECC, (15.0 LONG - 1.375-6)","ROTOR RETAINER SHAFT, 0.24 ECC, (15.0 LONG - 1.375-6)",normalized non-breaking spaces,PCS,0,active,true,MTRSP,,MOTOR,ERP Inventory Posting Group,accepted,,,,blank_allowed,,,,none,6/3/2026 4:51 PM,false,
433,dcf81180-10dd-f011-8542-7ced8dace32a,RR65-S8-03,RR65-S8-03,ROTOR RETAINER SHAFT,ROTOR RETAINER SHAFT,normalized non-breaking spaces,PCS,0,active,true,MTRSP,,MOTOR,ERP Inventory Posting Group,accepted,,,,blank_allowed,,,,none,6/25/2026 1:40 PM,false,
434,33e7414e-38df-f011-8542-7ced8dace32a,RR65-S8-04,RR65-S8-04,ROTOR RETAINER SHAFT NUT,ROTOR RETAINER SHAFT NUT,normalized non-breaking spaces,PCS,0,active,true,MTRSP,,MOTOR,ERP Inventory Posting Group,accepted,,,,blank_allowed,,,,none,6/25/2026 1:40 PM,false,
435,8cb2165e-0bdd-f011-8542-7ced8dace32a,RR67-S8-01,RR67-S8-01,FLEX TOP SUB,FLEX TOP SUB,normalized non-breaking spaces,PCS,0,active,true,MTRSP,,MOTOR,ERP Inventory Posting Group,accepted,,,,blank_allowed,,,,none,6/28/2026 4:18 PM,false,
436,b109116f-24f2-f011-8405-70a8a51f6024,RR80-S3-03,RR80-S3-03,ROTOR RETAINER SHAFT,ROTOR RETAINER SHAFT,normalized non-breaking spaces,PCS,0,active,true,MTRSP,,MOTOR,ERP Inventory Posting Group,accepted,,,,blank_allowed,,,,none,6/25/2026 1:40 PM,false,
437,c706ed44-25f2-f011-8405-70a8a51f6024,RR80-S4-01,RR80-S4-01,ROTOR RETAINER SHAFT NUT,ROTOR RETAINER SHAFT NUT,normalized non-breaking spaces,PCS,1,active,true,MTRSP,,MOTOR,ERP Inventory Posting Group,accepted,,,,blank_allowed,,,,none,6/25/2026 1:40 PM,false,
438,e1301135-0cdd-f011-8542-7ced8dace32a,RR80-S4-04,RR80-S4-04,FLEX TOP SUB,FLEX TOP SUB,normalized non-breaking spaces,PCS,2,active,true,MTRSP,,MOTOR,ERP Inventory Posting Group,accepted,,,,blank_allowed,,,,none,4/29/2026 1:07 PM,false,
439,7109fd2c-0fdd-f011-8542-7ced8dace32a,RR95-S4-01,RR95-S4-01,"9 1/2"" ROTOR RETAINER SHAFT","9 1/2"" ROTOR RETAINER SHAFT",normalized non-breaking spaces,PCS,0,active,true,MTRSP,,MOTOR,ERP Inventory Posting Group,accepted,"9 1/2""",9.50000,/api/list-options/asset_sizes,asset_size_match,"9 1/2"" -> 9 1/2""",,,none,5/21/2026 3:25 PM,false,
440,ad387c8c-0fdd-f011-8542-7ced8dace32a,RR95-S4-02,RR95-S4-02,ROTOR RETAINER SHAFT NUT,ROTOR RETAINER SHAFT NUT,normalized non-breaking spaces,PCS,0,active,true,MTRSP,,MOTOR,ERP Inventory Posting Group,accepted,,,,blank_allowed,,,,none,5/21/2026 3:25 PM,false,
441,c5f94d5f-0fdd-f011-8542-7ced8dace32a,RR95-S5-01,RR95-S5-01,ROTOR RETAINER ADAPTOR SUB,ROTOR RETAINER ADAPTOR SUB,normalized non-breaking spaces,PCS,0,active,true,MTRSP,,MOTOR,ERP Inventory Posting Group,accepted,,,,blank_allowed,,,,none,5/21/2026 3:25 PM,false,
442,e97f672d-0b3e-f011-be59-6045bd157c64,RRAHG-2.120,RRAHG-2.120,ROTOR RETAINER ADAPTOR HOUSING GAUGE (NO-GO),ROTOR RETAINER ADAPTOR HOUSING GAUGE (NO-GO),normalized non-breaking spaces,PCS,1,active,true,MTRSP,,MOTOR,ERP Inventory Posting Group,accepted,,,,blank_allowed,,,,none,11/25/2025 3:36 PM,false,
443,eb7f672d-0b3e-f011-be59-6045bd157c64,RRAHG-3.420,RRAHG-3.420,ROTOR RETAINER ADAPTOR HOUSING GAUGE (NO-GO),ROTOR RETAINER ADAPTOR HOUSING GAUGE (NO-GO),normalized non-breaking spaces,PCS,1,active,true,MTRSP,,MOTOR,ERP Inventory Posting Group,accepted,,,,blank_allowed,,,,none,9/7/2025 10:32 AM,false,
444,ed7f672d-0b3e-f011-be59-6045bd157c64,RRAHG-4.290,RRAHG-4.290,ROTOR RETAINER ADAPTOR HOUSING GAUGE (NO-GO),ROTOR RETAINER ADAPTOR HOUSING GAUGE (NO-GO),normalized non-breaking spaces,PCS,1,active,true,MTRSP,,MOTOR,ERP Inventory Posting Group,accepted,,,,blank_allowed,,,,none,11/25/2025 2:36 PM,false,
445,ef7f672d-0b3e-f011-be59-6045bd157c64,RRAHG-4.330,RRAHG-4.330,ROTOR RETAINER ADAPTOR HOUSING GAUGE (NO-GO),ROTOR RETAINER ADAPTOR HOUSING GAUGE (NO-GO),normalized non-breaking spaces,PCS,1,active,true,MTRSP,,MOTOR,ERP Inventory Posting Group,accepted,,,,blank_allowed,,,,none,9/7/2025 10:32 AM,false,
446,22fa6433-0b3e-f011-be59-6045bd157c64,RRSS67-S8-01,RRSS67-S8-01,ROTOR RETAINER SERVICE SOCKET,ROTOR RETAINER SERVICE SOCKET,normalized non-breaking spaces,PCS,0,active,true,MTRSP,,MOTOR,ERP Inventory Posting Group,accepted,,,,blank_allowed,,,,none,9/7/2025 10:32 AM,false,
447,b6e065cf-0a3f-f111-bec4-6045bd1541de,SH28006C,SH28006C,"Top Sub, Catch Style","Top Sub, Catch Style",normalized non-breaking spaces,PCS,2,active,true,MTRSP,,MOTOR,ERP Inventory Posting Group,accepted,,,,blank_allowed,,,,none,7/12/2026 10:59 AM,false,
448,5b12a8cd-3a41-f111-bec4-70a8a522e033,SH28021T,SH28021T,"Flexshaft, Titanium **Run with SH28081F**","Flexshaft, Titanium **Run with SH28081F**",normalized non-breaking spaces,PCS,2,active,true,MTRSP,,MOTOR,ERP Inventory Posting Group,accepted,,,,blank_allowed,,,,none,7/12/2026 10:59 AM,false,
449,a7c35e2a-093f-f111-bec4-6045bd1541de,SH28080,SH28080,Transmission Assembly,Transmission Assembly,normalized non-breaking spaces,PCS,0,active,true,MTRSP,,MOTOR,ERP Inventory Posting Group,accepted,,,,blank_allowed,,,,none,4/26/2026 11:16 AM,false,
450,c5e9398a-0a3f-f111-bec4-6045bd1541de,SH28081,SH28081,Straight Driveshaft Housing Run with SH28080 Transmission,Straight Driveshaft Housing Run with SH28080 Transmission,normalized non-breaking spaces,PCS,2,active,true,MTRSP,,MOTOR,ERP Inventory Posting Group,accepted,,,,blank_allowed,,,,none,7/12/2026 10:59 AM,false,
451,8d1cca32-3b41-f111-bec4-70a8a522e033,SH28081F,SH28081F,"Straight Driveshaft Housing, Flexshaft **Run with SH28021T**","Straight Driveshaft Housing, Flexshaft **Run with SH28021T**",normalized non-breaking spaces,PCS,0,active,true,MTRSP,,MOTOR,ERP Inventory Posting Group,accepted,,,,blank_allowed,,,,none,4/26/2026 11:03 AM,false,
452,87502ce6-0b3f-f111-bec4-6045bd1541de,SH28082X,SH28082X,"Fixed Bend Housing, 4 Deg. Max","Fixed Bend Housing, 4 Deg. Max",normalized non-breaking spaces,PCS,0,active,true,MTRSP,,MOTOR,ERP Inventory Posting Group,accepted,,,,blank_allowed,,,,none,4/23/2026 4:00 PM,false,
453,39bdd7c6-0b3f-f111-bec4-6045bd1541de,SH28094H,SH28094H,Talon II Adjustable Bent Housing Assy Run with SH28080 3° Max,Talon II Adjustable Bent Housing Assy Run with SH28080 3° Max,normalized non-breaking spaces,PCS,0,active,true,MTRSP,,MOTOR,ERP Inventory Posting Group,accepted,,,,blank_allowed,,,,none,4/26/2026 11:20 AM,false,
454,73e146a8-0b3f-f111-bec4-6045bd1541de,SH28096,SH28096,Inner Compression Tool,Inner Compression Tool,normalized non-breaking spaces,PCS,1,active,true,MTRSP,,MOTOR,ERP Inventory Posting Group,accepted,,,,blank_allowed,,,,none,7/12/2026 10:59 AM,false,
455,3e3cfdfa-0a3f-f111-bec4-6045bd1541de,SH28109-7.50,SH28109-7.50,"Rotor Catch 7.5""","Rotor Catch 7.5""",normalized non-breaking spaces,PCS,2,active,true,MTRSP,,MOTOR,ERP Inventory Posting Group,accepted,,,/api/list-options/asset_sizes,blank_allowed,"7.5"" -> 7 1/2""",,,none,7/12/2026 10:59 AM,false,
456,40074c76-103f-f111-bec4-6045bd1541de,SH31004,SH31004,Catch Ring,Catch Ring,normalized non-breaking spaces,PCS,2,active,true,MTRSP,,MOTOR,ERP Inventory Posting Group,accepted,,,,blank_allowed,,,,none,7/12/2026 11:00 AM,false,
457,4693f85d-103f-f111-bec4-6045bd1541de,SH31006C,SH31006C,"Top Sub, Catch Style","Top Sub, Catch Style",normalized non-breaking spaces,PCS,2,active,true,MTRSP,,MOTOR,ERP Inventory Posting Group,accepted,,,,blank_allowed,,,,none,7/12/2026 11:00 AM,false,
458,eb05d758-e180-f111-8070-7ced8d7aaadb,SH31015,SH31015,"Race, Inner Thrust Bearing","Race, Inner Thrust Bearing",normalized non-breaking spaces,PCS,0,active,true,MTRSP,,MOTOR,ERP Inventory Posting Group,accepted,,,,blank_allowed,,,,none,7/16/2026 10:42 AM,false,
459,04df7e4b-4441-f111-bec4-70a8a522e033,SH31021T,SH31021T,Flexshaft Titanium Run with  SH31081 Straight Housing and SH31082 2° Max FBH,Flexshaft Titanium Run with SH31081 Straight Housing and SH31082 2° Max FBH,normalized non-breaking spaces; normalized spacing and punctuation,PCS,2,active,true,MTRSP,,MOTOR,ERP Inventory Posting Group,accepted,,,,blank_allowed,,,,none,7/12/2026 11:00 AM,false,
460,64591122-103f-f111-bec4-6045bd1541de,SH31080,SH31080,Transmission Assembly,Transmission Assembly,normalized non-breaking spaces,PCS,0,active,true,MTRSP,,MOTOR,ERP Inventory Posting Group,accepted,,,,blank_allowed,,,,none,4/23/2026 4:30 PM,false,
461,8b9ae632-113f-f111-bec4-6045bd1541de,SH31080G,SH31080G,"Transmission Assembly, 4 Deg. ABH","Transmission Assembly, 4 Deg. ABH",normalized non-breaking spaces,PCS,0,active,true,MTRSP,,MOTOR,ERP Inventory Posting Group,accepted,,,,blank_allowed,,,,none,4/23/2026 4:38 PM,false,
462,a02fed3f-103f-f111-bec4-6045bd1541de,SH31081,SH31081,Straight Driveshaft Housing,Straight Driveshaft Housing,normalized non-breaking spaces,PCS,2,active,true,MTRSP,,MOTOR,ERP Inventory Posting Group,accepted,,,,blank_allowed,,,,none,7/12/2026 11:00 AM,false,
463,b1776afa-103f-f111-bec4-6045bd1541de,SH31082,SH31082,Fixed Bend Housing,Fixed Bend Housing,normalized non-breaking spaces,PCS,0,active,true,MTRSP,,MOTOR,ERP Inventory Posting Group,accepted,,,,blank_allowed,,,,none,4/23/2026 4:36 PM,false,
464,6b49f552-113f-f111-bec4-6045bd1541de,SH31082X,SH31082X,"Fixed Bend Housing, 4 Deg. Max","Fixed Bend Housing, 4 Deg. Max",normalized non-breaking spaces,PCS,0,active,true,MTRSP,,MOTOR,ERP Inventory Posting Group,accepted,,,,blank_allowed,,,,none,4/23/2026 4:39 PM,false,
465,a1ff9212-113f-f111-bec4-6045bd1541de,SH31094H,SH31094H,Talon II Adjustable Bent Housing Assembly,Talon II Adjustable Bent Housing Assembly,normalized non-breaking spaces,PCS,0,active,true,MTRSP,,MOTOR,ERP Inventory Posting Group,accepted,,,,blank_allowed,,,,none,4/23/2026 4:37 PM,false,
466,4e57e5bb-103f-f111-bec4-6045bd1541de,SH31095,SH31095,Catch Ring Wrench,Catch Ring Wrench,normalized non-breaking spaces,PCS,1,active,true,MTRSP,,MOTOR,ERP Inventory Posting Group,accepted,,,,blank_allowed,,,,none,7/12/2026 11:00 AM,false,
467,4c54dedb-103f-f111-bec4-6045bd1541de,SH31096,SH31096,"Inner Compression Tool,","Inner Compression Tool,",normalized non-breaking spaces,PCS,1,active,true,MTRSP,,MOTOR,ERP Inventory Posting Group,accepted,,,,blank_allowed,,,,none,7/12/2026 11:00 AM,false,
468,fe7dae9b-103f-f111-bec4-6045bd1541de,SH31109-10,SH31109-10,Rotor Catch 10'',"Rotor Catch 10""",normalized non-breaking spaces; normalized inch marks,PCS,2,active,true,MTRSP,,MOTOR,ERP Inventory Posting Group,accepted,,,/api/list-options/asset_sizes,blank_allowed,"10"" -> 10""",,,none,7/12/2026 11:00 AM,false,
469,34adf0de-0f6e-f111-ab0a-70a8a51ea4ef,SOTP47-10-0010,SOTP47-10-0010,SCREW ON THREAD PROTECTOR,SCREW ON THREAD PROTECTOR,normalized non-breaking spaces,PCS,0,active,true,MTRSP,,MOTOR,ERP Inventory Posting Group,accepted,,,,blank_allowed,,,,none,6/22/2026 11:57 AM,false,
470,e9475532-ce46-f111-a820-6045bd1541de,TSP 1166,TSP 1166,THREADING INSERT,THREADING INSERT,normalized non-breaking spaces,PCS,5,active,true,MTRSP,,MOTOR,ERP Inventory Posting Group,accepted,,,,blank_allowed,,,,none,5/19/2026 11:37 AM,false,
471,f64f5632-3933-f111-bec2-70a8a51df30e,U47-26-005,U47-26-005,"FLEX SHAFT, ASSEMBLED (2-3/8"" HEF Connection standard)","FLEX SHAFT, ASSEMBLED (2 3/8"" HEF Connection standard)",normalized non-breaking spaces; normalized mixed fractions,PCS,0,active,true,MTRSP,,MOTOR,ERP Inventory Posting Group,accepted,,,/api/list-options/asset_sizes,blank_allowed,"2 3/8"" -> 2 3/8""",,,none,6/3/2026 4:51 PM,false,
472,c0af7110-3933-f111-bec2-70a8a51df30e,U47-M8-26-001,U47-M8-26-001,LOWER COUPLING,LOWER COUPLING,normalized non-breaking spaces,PCS,0,active,true,MTRSP,,MOTOR,ERP Inventory Posting Group,accepted,,,,blank_allowed,,,,none,6/3/2026 4:51 PM,false,
473,1980672d-0b3e-f011-be59-6045bd157c64,U51-M7D-ST1-028,U51-M7D-ST1-028,"LOWER UNIVERSAL, M7 PLUS, WZL ROUND THREAD","LOWER UNIVERSAL, M7 PLUS, WZL ROUND THREAD",normalized non-breaking spaces,PCS,1,active,true,MTRSP,,MOTOR,ERP Inventory Posting Group,accepted,,,,blank_allowed,,,,none,9/7/2025 10:32 AM,false,
474,1b80672d-0b3e-f011-be59-6045bd157c64,U51-ST1-009,U51-ST1-009,"HYBRID FLEX SHAFT, 2 3/8"" HEF DS, NITRIDE","HYBRID FLEX SHAFT, 2 3/8"" HEF DS, NITRIDE",normalized non-breaking spaces,PCS,1,active,true,MTRSP,,MOTOR,ERP Inventory Posting Group,accepted,,,/api/list-options/asset_sizes,blank_allowed,"2 3/8"" -> 2 3/8""",,,none,5/11/2026 5:59 PM,false,
475,1d80672d-0b3e-f011-be59-6045bd157c64,U51-ST1-011,U51-ST1-011,SPLIT RING,SPLIT RING,normalized non-breaking spaces,PCS,1,active,true,MTRSP,,MOTOR,ERP Inventory Posting Group,accepted,,,,blank_allowed,,,,none,9/7/2025 10:32 AM,false,
476,1f80672d-0b3e-f011-be59-6045bd157c64,U51-ST1-T002,U51-ST1-T002,UNIVERSAL WRENCH,UNIVERSAL WRENCH,normalized non-breaking spaces,PCS,1,active,true,MTRSP,,MOTOR,ERP Inventory Posting Group,accepted,,,,blank_allowed,,,,none,9/7/2025 10:32 AM,false,
477,c1f96433-0b3e-f011-be59-6045bd157c64,U51-WK4-200H-MOD,U51-WK4-200H-MOD,UNIVERSAL SEAL - HSN MOD,UNIVERSAL SEAL - HSN MOD,normalized non-breaking spaces,PCS,7,active,true,MTRSP,,MOTOR,ERP Inventory Posting Group,accepted,,,,blank_allowed,,,,none,6/8/2026 6:32 PM,false,
478,c3f96433-0b3e-f011-be59-6045bd157c64,U51-WK45-015,U51-WK45-015,"THRUST SOCKET, LARGE THRUST, TIGHT TOLERANCE","THRUST SOCKET, LARGE THRUST, TIGHT TOLERANCE",normalized non-breaking spaces,PCS,1,active,true,MTRSP,,MOTOR,ERP Inventory Posting Group,accepted,,,,blank_allowed,,,,none,9/7/2025 10:32 AM,false,
479,c5f96433-0b3e-f011-be59-6045bd157c64,U51-WK4F-SK,U51-WK4F-SK,SERVICE KIT - HYBRID DRIVELINE,SERVICE KIT - HYBRID DRIVELINE,normalized non-breaking spaces,PCS,15,active,true,MTRSP,,MOTOR,ERP Inventory Posting Group,accepted,,,,blank_allowed,,,,none,6/8/2026 6:32 PM,false,
480,c7f96433-0b3e-f011-be59-6045bd157c64,U51-WK4-T001,U51-WK4-T001,TAPER TOOL,TAPER TOOL,normalized non-breaking spaces,PCS,1,active,true,MTRSP,,MOTOR,ERP Inventory Posting Group,accepted,,,,blank_allowed,,,,none,9/7/2025 10:32 AM,false,
481,c9f96433-0b3e-f011-be59-6045bd157c64,U51-WK5-010,U51-WK5-010,"UNIVERSAL CAP UNIVERSAL CAP, 5 1/8"" DRIVELINE","UNIVERSAL CAP UNIVERSAL CAP, 5 1/8"" DRIVELINE",normalized non-breaking spaces,PCS,1,active,true,MTRSP,,MOTOR,ERP Inventory Posting Group,accepted,,,/api/list-options/asset_sizes,blank_allowed,"5 1/8"" -> 5 1/8""",,,none,5/17/2026 11:11 AM,false,
482,cbf96433-0b3e-f011-be59-6045bd157c64,U51-WK5-T003,U51-WK5-T003,SEAL CAP WRENCH (For U51-WK5-010),SEAL CAP WRENCH (For U51-WK5-010),normalized non-breaking spaces,PCS,1,active,true,MTRSP,,MOTOR,ERP Inventory Posting Group,accepted,,,,blank_allowed,,,,none,9/7/2025 10:32 AM,false,
483,cdf96433-0b3e-f011-be59-6045bd157c64,U65-M5-WK3-001,U65-M5-WK3-001,LOWER UNIVERSAL,LOWER UNIVERSAL,normalized non-breaking spaces,PCS,5,active,true,MTRSP,,MOTOR,ERP Inventory Posting Group,accepted,,,,blank_allowed,,,,none,5/11/2026 5:59 PM,false,
484,cff96433-0b3e-f011-be59-6045bd157c64,U65-WK2-04,U65-WK2-04,"6 1/2"" THRUST PIN","6 1/2"" THRUST PIN",normalized non-breaking spaces,PCS,1,active,true,MTRSP,,MOTOR,ERP Inventory Posting Group,accepted,"6 1/2""",6.50000,/api/list-options/asset_sizes,asset_size_match,"6 1/2"" -> 6 1/2""",,,none,6/22/2026 1:08 PM,false,
485,d1f96433-0b3e-f011-be59-6045bd157c64,U65-WK2-05,U65-WK2-05,UNIVERSAL CAP,UNIVERSAL CAP,normalized non-breaking spaces,PCS,1,active,true,MTRSP,,MOTOR,ERP Inventory Posting Group,accepted,,,,blank_allowed,,,,none,2/19/2026 12:00 PM,false,
486,d3f96433-0b3e-f011-be59-6045bd157c64,U65-WK2-06,U65-WK2-06,SPLIT RING,SPLIT RING,normalized non-breaking spaces,PCS,0,active,true,MTRSP,,MOTOR,ERP Inventory Posting Group,accepted,,,,blank_allowed,,,,none,6/3/2026 3:07 PM,false,
487,d5f96433-0b3e-f011-be59-6045bd157c64,U65-WK2-08,U65-WK2-08,DRIVE KEY,DRIVE KEY,normalized non-breaking spaces,PCS,0,active,true,MTRSP,,MOTOR,ERP Inventory Posting Group,accepted,,,,blank_allowed,,,,none,6/3/2026 3:07 PM,false,
488,d7f96433-0b3e-f011-be59-6045bd157c64,U65-WK2-200H-MOD,U65-WK2-200H-MOD,"UNIVERSAL SEAL - HSN, MODIFIED","UNIVERSAL SEAL - HSN, MODIFIED",normalized non-breaking spaces,PCS,21,active,true,MTRSP,,MOTOR,ERP Inventory Posting Group,accepted,,,,blank_allowed,,,,none,6/29/2026 5:35 PM,false,
489,d9f96433-0b3e-f011-be59-6045bd157c64,U65-WK2-T001,U65-WK2-T001,TAPER TOOL,TAPER TOOL,normalized non-breaking spaces,PCS,0,active,true,MTRSP,,MOTOR,ERP Inventory Posting Group,accepted,,,,blank_allowed,,,,none,7/2/2026 3:51 PM,false,
490,dbf96433-0b3e-f011-be59-6045bd157c64,U65-WK2-T003,U65-WK2-T003,SEAL CAP WRENCH,SEAL CAP WRENCH,normalized non-breaking spaces,PCS,0,active,true,MTRSP,,MOTOR,ERP Inventory Posting Group,accepted,,,,blank_allowed,,,,none,9/21/2025 9:33 PM,false,
491,ddf96433-0b3e-f011-be59-6045bd157c64,U65-WK3-003,U65-WK3-003,"UPPER UNIVERSAL, 2 7/8 REG, 3.75"" Head O.D.","UPPER UNIVERSAL, 2 7/8 REG, 3.75"" Head O.D.",normalized non-breaking spaces,PCS,1,active,true,MTRSP,,MOTOR,ERP Inventory Posting Group,accepted,"2 7/8""",2.87500,/api/list-options/asset_sizes,asset_size_match,"2 7/8 -> 2 7/8"" | 3.75"" -> 3 3/4""",,,none,6/25/2026 1:47 PM,false,
492,cd768d37-0edd-f011-8542-7ced8dace32a,U65-WK3-033,U65-WK3-033,CONNECTING ROD S22 A.B.H. NON NITRIDED,CONNECTING ROD S22 A.B.H. NON NITRIDED,normalized non-breaking spaces,PCS,2,active,true,MTRSP,,MOTOR,ERP Inventory Posting Group,accepted,,,,blank_allowed,,,,none,4/29/2026 1:07 PM,false,
493,dff96433-0b3e-f011-be59-6045bd157c64,U65-WK3-SK,U65-WK3-SK,"SERVICE KIT,  6 1/2"" DRIVELINE","SERVICE KIT, 6 1/2"" DRIVELINE",normalized non-breaking spaces; normalized spacing and punctuation,PCS,20,active,true,MTRSP,,MOTOR,ERP Inventory Posting Group,accepted,"6 1/2""",6.50000,Description,high,"6 1/2"" -> 6 1/2""",,,none,6/29/2026 5:35 PM,false,
494,e1f96433-0b3e-f011-be59-6045bd157c64,U65-WK3-T002,U65-WK3-T002,UNIVERSAL WRENCH,UNIVERSAL WRENCH,normalized non-breaking spaces,PCS,0,active,true,MTRSP,,MOTOR,ERP Inventory Posting Group,accepted,,,,blank_allowed,,,,none,2/19/2026 12:00 PM,false,
495,0153bdf5-0ddd-f011-8542-7ced8dace32a,U67-WK3-003,U67-WK3-003,UPPER UNIVERSAL,UPPER UNIVERSAL,normalized non-breaking spaces,PCS,3,active,true,MTRSP,,MOTOR,ERP Inventory Posting Group,accepted,,,,blank_allowed,,,,none,4/29/2026 1:07 PM,false,
496,e3f96433-0b3e-f011-be59-6045bd157c64,U80-M40-WK5F-002,U80-M40-WK5F-002,"LOWER UNIVERSAL, M40","LOWER UNIVERSAL, M40",normalized non-breaking spaces,PCS,3,active,true,MTRSP,,MOTOR,ERP Inventory Posting Group,accepted,,,,blank_allowed,,,,none,10/9/2025 5:10 PM,false,
497,e5f96433-0b3e-f011-be59-6045bd157c64,U80-WK3-005,U80-WK3-005,UNIVERSAL CAP,UNIVERSAL CAP,normalized non-breaking spaces,PCS,3,active,true,MTRSP,,MOTOR,ERP Inventory Posting Group,accepted,,,,blank_allowed,,,,none,11/25/2025 3:36 PM,false,
498,e7f96433-0b3e-f011-be59-6045bd157c64,U80-WK3-300H,U80-WK3-300H,UNIVERSAL SEAL – HSN,UNIVERSAL SEAL - HSN,normalized non-breaking spaces; normalized dash characters,PCS,23,active,true,MTRSP,,MOTOR,ERP Inventory Posting Group,accepted,,,,blank_allowed,,,,none,6/2/2026 4:44 PM,false,
499,e9f96433-0b3e-f011-be59-6045bd157c64,U80-WK3-T003,U80-WK3-T003,SEAL CAP WRENCH,SEAL CAP WRENCH,normalized non-breaking spaces,PCS,1,active,true,MTRSP,,MOTOR,ERP Inventory Posting Group,accepted,,,,blank_allowed,,,,none,9/7/2025 10:32 AM,false,
500,ebf96433-0b3e-f011-be59-6045bd157c64,U80-WK5F-001,U80-WK5F-001,"HYBRID FLEX SHAFT, NITRIDED, NC38 (5.3"" OD)","HYBRID FLEX SHAFT, NITRIDED, NC38 (5.3"" OD)",normalized non-breaking spaces,PCS,0,active,true,MTRSP,,MOTOR,ERP Inventory Posting Group,accepted,,,/api/list-options/asset_sizes,blank_allowed,"5.3"" -> 5 5/16""",,,none,5/11/2026 5:59 PM,false,
501,edf96433-0b3e-f011-be59-6045bd157c64,U80-WK5F-003,U80-WK5F-003,THRUST SOCKET,THRUST SOCKET,normalized non-breaking spaces,PCS,0,active,true,MTRSP,,MOTOR,ERP Inventory Posting Group,accepted,,,,blank_allowed,,,,none,9/7/2025 10:32 AM,false,
502,eff96433-0b3e-f011-be59-6045bd157c64,U80-WK5F-004,U80-WK5F-004,DRIVE KEY,DRIVE KEY,normalized non-breaking spaces,PCS,8,active,true,MTRSP,,MOTOR,ERP Inventory Posting Group,accepted,,,,blank_allowed,,,,none,6/25/2026 1:40 PM,false,
503,f1f96433-0b3e-f011-be59-6045bd157c64,U80-WK5F-005,U80-WK5F-005,SPLIT RING,SPLIT RING,normalized non-breaking spaces,PCS,0,active,true,MTRSP,,MOTOR,ERP Inventory Posting Group,accepted,,,,blank_allowed,,,,none,6/25/2026 1:52 PM,false,
504,e645f158-80a3-f011-bbd0-0022480d7431,U80-WK5F-007,U80-WK5F-007,"HYBRID FLEX SHAFT, NITRIDE, 4.75 DIA,  3.50 REG","HYBRID FLEX SHAFT, NITRIDE, 4.75 DIA, 3.50 REG",normalized non-breaking spaces; normalized spacing and punctuation,PCS,3,active,true,MTRSP,,MOTOR,ERP Inventory Posting Group,accepted,,,,blank_allowed,,,,none,6/25/2026 1:40 PM,false,
505,f3f96433-0b3e-f011-be59-6045bd157c64,U80-WK5F-SK,U80-WK5F-SK,"SERVICE KIT, 8"" HYBRID FLEX DRIVELINE","SERVICE KIT, 8"" HYBRID FLEX DRIVELINE",normalized non-breaking spaces,PCS,12,active,true,MTRSP,,MOTOR,ERP Inventory Posting Group,accepted,"8""",8.00000,Description,high,"8"" -> 8""",,,none,6/14/2026 12:59 AM,false,
506,f5f96433-0b3e-f011-be59-6045bd157c64,U80-WK5F-T001,U80-WK5F-T001,TAPERED BOOT TOOL,TAPERED BOOT TOOL,normalized non-breaking spaces,PCS,0,active,true,MTRSP,,MOTOR,ERP Inventory Posting Group,accepted,,,,blank_allowed,,,,none,9/7/2025 10:32 AM,false,
507,f7f96433-0b3e-f011-be59-6045bd157c64,U80-WK5F-T002,U80-WK5F-T002,UNIVERSAL WRENCH,UNIVERSAL WRENCH,normalized non-breaking spaces,PCS,0,active,true,MTRSP,,MOTOR,ERP Inventory Posting Group,accepted,,,,blank_allowed,,,,none,9/7/2025 10:32 AM,false,
508,f9f96433-0b3e-f011-be59-6045bd157c64,U80-WK5F-T004,U80-WK5F-T004,THRUST RADIUS WEAR GAUGE,THRUST RADIUS WEAR GAUGE,normalized non-breaking spaces,PCS,1,active,true,MTRSP,,MOTOR,ERP Inventory Posting Group,accepted,,,,blank_allowed,,,,none,9/7/2025 10:32 AM,false,
509,0dd89d7a-7453-f111-a820-70a8a5214232,U95-WK3-004,U95-WK3-004,THRUST PIN,THRUST PIN,normalized non-breaking spaces,PCS,0,active,true,MTRSP,,MOTOR,ERP Inventory Posting Group,accepted,,,,blank_allowed,,,,none,5/20/2026 12:49 PM,false,
510,fbf96433-0b3e-f011-be59-6045bd157c64,U95-WK3-005,U95-WK3-005,UNIVERSAL CAP,UNIVERSAL CAP,normalized non-breaking spaces,PCS,3,active,true,MTRSP,,MOTOR,ERP Inventory Posting Group,accepted,,,,blank_allowed,,,,none,6/3/2026 3:07 PM,false,
511,fdf96433-0b3e-f011-be59-6045bd157c64,U95-WK3-007,U95-WK3-007,"UPPER UNIVERSAL, 4 F.H. (NC 40) 5.90"" O.D.","UPPER UNIVERSAL, 4 F.H. (NC 40) 5.90"" O.D.",normalized non-breaking spaces,PCS,2,active,true,MTRSP,,MOTOR,ERP Inventory Posting Group,accepted,,,/api/list-options/asset_sizes,blank_allowed,"5.90"" -> 5 29/32""",,,none,5/21/2026 3:25 PM,false,
512,fff96433-0b3e-f011-be59-6045bd157c64,U95-WK3-008,U95-WK3-008,DRIVE KEY,DRIVE KEY,normalized non-breaking spaces,PCS,10,active,true,MTRSP,,MOTOR,ERP Inventory Posting Group,accepted,,,,blank_allowed,,,,none,6/28/2026 4:08 PM,false,
513,01fa6433-0b3e-f011-be59-6045bd157c64,U95-WK3-013,U95-WK3-013,SPLIT RING,SPLIT RING,normalized non-breaking spaces,PCS,2,active,true,MTRSP,,MOTOR,ERP Inventory Posting Group,accepted,,,,blank_allowed,,,,none,6/3/2026 3:07 PM,false,
514,60b35176-73a3-f011-bbd0-002248cbc117,U95-WK3-040,U95-WK3-040,"CONNECTING ROD, NON-NITRATED","CONNECTING ROD, NON-NITRATED",normalized non-breaking spaces,PCS,1,active,true,MTRSP,,MOTOR,ERP Inventory Posting Group,accepted,,,,blank_allowed,,,,none,5/21/2026 3:25 PM,false,
515,03fa6433-0b3e-f011-be59-6045bd157c64,U95-WK3-200H,U95-WK3-200H,UNIVERSAL SEAL – HSN,UNIVERSAL SEAL - HSN,normalized non-breaking spaces; normalized dash characters,PCS,2,active,true,MTRSP,,MOTOR,ERP Inventory Posting Group,accepted,,,,blank_allowed,,,,none,6/28/2026 4:08 PM,false,
516,09fa6433-0b3e-f011-be59-6045bd157c64,U95-WK3-M7-050,U95-WK3-M7-050,LOWER UNIVERSAL (For M7 Mud Lube),LOWER UNIVERSAL (For M7 Mud Lube),normalized non-breaking spaces,PCS,1,active,true,MTRSP,,MOTOR,ERP Inventory Posting Group,accepted,,,,blank_allowed,,,,none,6/28/2026 4:08 PM,false,
517,0cfa6433-0b3e-f011-be59-6045bd157c64,U95-WK3-T001,U95-WK3-T001,TAPER TOOL,TAPER TOOL,normalized non-breaking spaces,PCS,1,active,true,MTRSP,,MOTOR,ERP Inventory Posting Group,accepted,,,,blank_allowed,,,,none,9/7/2025 10:32 AM,false,
518,0efa6433-0b3e-f011-be59-6045bd157c64,U95-WK3-T003,U95-WK3-T003,SEAL CAP WRENCH,SEAL CAP WRENCH,normalized non-breaking spaces,PCS,1,active,true,MTRSP,,MOTOR,ERP Inventory Posting Group,accepted,,,,blank_allowed,,,,none,9/7/2025 10:32 AM,false,
519,10fa6433-0b3e-f011-be59-6045bd157c64,U95-WK4-015,U95-WK4-015,"THRUST SOCKET, LARGE THRUST, TIGHT CLEARANCE","THRUST SOCKET, LARGE THRUST, TIGHT CLEARANCE",normalized non-breaking spaces,PCS,2,active,true,MTRSP,,MOTOR,ERP Inventory Posting Group,accepted,,,,blank_allowed,,,,none,9/7/2025 10:32 AM,false,
520,12fa6433-0b3e-f011-be59-6045bd157c64,U95-WK4-SK,U95-WK4-SK,SERVICE KIT,SERVICE KIT,normalized non-breaking spaces,PCS,3,active,true,MTRSP,,MOTOR,ERP Inventory Posting Group,accepted,,,,blank_allowed,,,,none,6/28/2026 4:08 PM,false,
521,14fa6433-0b3e-f011-be59-6045bd157c64,U95-WK4-T004,U95-WK4-T004,THRUST RADIUS WEAR GAUGE,THRUST RADIUS WEAR GAUGE,normalized non-breaking spaces,PCS,1,active,true,MTRSP,,MOTOR,ERP Inventory Posting Group,accepted,,,,blank_allowed,,,,none,9/7/2025 10:32 AM,false,
522,16fa6433-0b3e-f011-be59-6045bd157c64,U96-WK3-T002,U96-WK3-T002,"UNIVERSAL WRENCH, HI-TORQUE","UNIVERSAL WRENCH, HI-TORQUE",normalized non-breaking spaces,PCS,1,active,true,MTRSP,,MOTOR,ERP Inventory Posting Group,accepted,,,,blank_allowed,,,,none,9/7/2025 10:32 AM,false,
523,4e3d6f81-769f-f011-b419-6045bd15a787,10315,10315,"PLUG, SEALING - CONICAL","PLUG, SEALING - CONICAL",normalized non-breaking spaces,PCS,2,active,true,MWDSP,,,ERP Inventory Posting Group,blank_allowed,,,,blank_allowed,,,,none,2/19/2026 12:00 PM,false,
524,eb66f58f-1f3e-f011-be59-6045bd157c64,1033,1033,APS 36V 165 DD-MR 10 Cell Standard,APS 36V 165 DD-MR 10 Cell Standard,normalized non-breaking spaces,PCS,0,active,true,MWDSP,,MWD / APS,ERP Inventory Posting Group + name,high,,,,blank_allowed,,,,none,9/7/2025 10:32 AM,false,
525,eb2b9e51-769f-f011-b419-6045bd15a787,10358,10358,"SPACER KIT, ROTARY PULSER","SPACER KIT, ROTARY PULSER",normalized non-breaking spaces,PCS,1,active,true,MWDSP,,,ERP Inventory Posting Group,blank_allowed,,,,blank_allowed,,,,none,6/10/2026 3:42 PM,false,
526,dfc8b990-849f-f011-b419-6045bd15a787,10359,10359,"SPACER, SPLIT - GEAR BOX MOUNT","SPACER, SPLIT - GEAR BOX MOUNT",normalized non-breaking spaces,PCS,1,active,true,MWDSP,,,ERP Inventory Posting Group,blank_allowed,,,,blank_allowed,,,,none,2/19/2026 12:00 PM,false,
527,1d7e46a5-689f-f011-b419-6045bd14822d,10559,10559,"Key, Retaining - MWD Electronics (Suspension to Chassis)","Key, Retaining - MWD Electronics (Suspension to Chassis)",normalized non-breaking spaces,PCS,9,active,true,MWDSP,,,ERP Inventory Posting Group,blank_allowed,,,,blank_allowed,,,,none,2/19/2026 12:00 PM,false,
528,aa6dd703-889f-f011-b419-6045bd15a787,10728,10728,"SETSCREW, 1/4-28, .25 LG, 18-8 SST - MODIFIED","SETSCREW, 1/4-28, .25 LG, 18-8 SST - MODIFIED",normalized non-breaking spaces,PCS,10,active,true,MWDSP,,,ERP Inventory Posting Group,blank_allowed,,,,blank_allowed,,,,none,2/19/2026 12:00 PM,false,
529,9f1293b7-879f-f011-b419-6045bd15a787,10755,10755,"SLEEVE, SHOULDER, MAIN SHAFT - PULSER","SLEEVE, SHOULDER, MAIN SHAFT - PULSER",normalized non-breaking spaces,PCS,2,active,true,MWDSP,,,ERP Inventory Posting Group,blank_allowed,,,,blank_allowed,,,,none,2/19/2026 12:00 PM,false,
530,264db641-879f-f011-b419-6045bd15a787,10774,10774,"SPACER KIT, ROTOR (VARIOUS SIZES)","SPACER KIT, ROTOR (VARIOUS SIZES)",normalized non-breaking spaces,PCS,15,active,true,MWDSP,,,ERP Inventory Posting Group,blank_allowed,,,,blank_allowed,,,,none,6/10/2026 3:42 PM,false,
531,58c85e8f-889f-f011-b419-6045bd15a787,11058,11058,"Nose, Retrival Pulser - 81 Shaft Dia 1in Spearpoint","Nose, Retrieval Pulser - 81 Shaft Dia 1in Spearpoint",normalized non-breaking spaces; corrected spelling to Retrieval,PCS,0,active,true,MWDSP,,,ERP Inventory Posting Group,blank_allowed,,,,blank_allowed,,,,none,6/10/2026 3:42 PM,false,
532,1968a6bc-caa1-f011-bbd0-6045bd6a40e2,11146-010,11146-010,"SHIM, 39 ID X 945 OD X 010 THK ","SHIM, 39 ID X 945 OD X 010 THK",normalized non-breaking spaces,PCS,5,active,true,MWDSP,,,ERP Inventory Posting Group,blank_allowed,,,,blank_allowed,,,,none,2/19/2026 12:00 PM,false,
533,8516f1dc-879f-f011-b419-6045bd15a787,11177,11177,"RETAINER, ROTOR","RETAINER, ROTOR",normalized non-breaking spaces,PCS,28,active,true,MWDSP,,,ERP Inventory Posting Group,blank_allowed,,,,blank_allowed,,,,none,3/9/2026 4:15 PM,false,
534,73ccd934-889f-f011-b419-6045bd15a787,11194,11194,"SHOULDER BOLT, 8-32 UNC - MODIFIED","SHOULDER BOLT, 8-32 UNC - MODIFIED",normalized non-breaking spaces,PCS,23,active,true,MWDSP,,,ERP Inventory Posting Group,blank_allowed,,,,blank_allowed,,,,none,2/19/2026 12:00 PM,false,
535,99d0bc38-809f-f011-b419-6045bd15a787,11337,11337,"SPACER, SEAL RETAINER - MAIN SHAFT, PULSER","SPACER, SEAL RETAINER - MAIN SHAFT, PULSER",normalized non-breaking spaces,PCS,4,active,true,MWDSP,,,ERP Inventory Posting Group,blank_allowed,,,,blank_allowed,,,,none,2/19/2026 12:00 PM,false,
536,332eac8c-819f-f011-b419-6045bd15a787,11338,11338,"RING, SEALING - UPPER, MAIN SHAFT - PULSER","RING, SEALING - UPPER, MAIN SHAFT - PULSER",normalized non-breaking spaces,PCS,2,active,true,MWDSP,,,ERP Inventory Posting Group,blank_allowed,,,,blank_allowed,,,,none,2/19/2026 12:00 PM,false,
537,1232c7b4-699f-f011-b419-6045bd14822d,11340,11340,"RING,SEALING-MAIN SHAFT","RING, SEALING-MAIN SHAFT",normalized non-breaking spaces; normalized spacing and punctuation,PCS,2,active,true,MWDSP,,,ERP Inventory Posting Group,blank_allowed,,,,blank_allowed,,,,none,2/19/2026 12:00 PM,false,
538,3444a001-869f-f011-b419-6045bd15a787,11953,11953,"RETAINER, SEAL ASSY - PULSER SHAFT","RETAINER, SEAL ASSY - PULSER SHAFT",normalized non-breaking spaces,PCS,2,active,true,MWDSP,,,ERP Inventory Posting Group,blank_allowed,,,,blank_allowed,,,,none,2/19/2026 12:00 PM,false,
539,2999da21-8c9f-f011-b419-6045bd69a71a,12856,12856,"Cap, Pressure (25,000 psi)","Cap, Pressure (25,000 psi)",normalized non-breaking spaces,PCS,3,active,true,MWDSP,,,ERP Inventory Posting Group,blank_allowed,,,,blank_allowed,,,,none,2/19/2026 12:00 PM,false,
540,36d9ccf9-5e9f-f011-b419-6045bd14822d,12951,12951,"SHIM, D-CONN","SHIM, D-CONN",normalized non-breaking spaces,PCS,23,active,true,MWDSP,,,ERP Inventory Posting Group,blank_allowed,,,,blank_allowed,,,,none,2/19/2026 12:00 PM,false,
541,0003a41d-c4a1-f011-bbd0-6045bd6a40e2,14680-001,14680-001,"HOUSING ROTOR SHAFT-RING STOP,NON -RETRIEVABLE","HOUSING ROTOR SHAFT-RING STOP, NON -RETRIEVABLE",normalized non-breaking spaces; normalized spacing and punctuation,PCS,1,active,true,MWDSP,,,ERP Inventory Posting Group,blank_allowed,,,,blank_allowed,,,,none,2/19/2026 12:00 PM,false,
542,8054a759-8c9f-f011-b419-6045bd69a71a,14681M-001,14681M-001,"RING, ROTATIONAL STOP, G2 NON-RETRIEVABLE PULSER","RING, ROTATIONAL STOP, G2 NON-RETRIEVABLE PULSER",normalized non-breaking spaces,PCS,2,active,true,MWDSP,,,ERP Inventory Posting Group,blank_allowed,,,,blank_allowed,,,,none,2/19/2026 12:00 PM,false,
543,e4779e88-eda1-f011-bbd0-6045bd6a40e2,14939-001,14939-001,"BLAD , INLET  4 PORT 5.25"" SHROUD , G4 PULSER","BLAD, INLET 4 PORT 5.25"" SHROUD, G4 PULSER",normalized non-breaking spaces; normalized spacing and punctuation,PCS,0,active,true,MWDSP,,,ERP Inventory Posting Group,blank_allowed,"5 1/4""",5.25000,/api/list-options/asset_sizes,asset_size_match,"5.25"" -> 5 1/4""",,,none,3/2/2026 2:10 PM,false,
544,7369bf95-ee51-f111-a820-7ced8d57d948,150831,150831,"PROTECTOR, Male","PROTECTOR, Male",normalized non-breaking spaces,PCS,2,active,true,MWDSP,,,ERP Inventory Posting Group,blank_allowed,,,,blank_allowed,,,,none,6/23/2026 11:23 AM,false,
545,fc0bc4ad-ea51-f111-a820-7ced8d57d948,152244,152244,Hollow Thread Poppet Mount - V3,Hollow Thread Poppet Mount - V3,normalized non-breaking spaces,PCS,3,active,true,MWDSP,,,ERP Inventory Posting Group,blank_allowed,,,,blank_allowed,,,,none,6/23/2026 11:23 AM,false,
546,72f94788-e351-f111-a820-7ced8d57d948,152671,152671,"Ram Stop, Holed","Ram Stop, Holed",normalized non-breaking spaces,PCS,1,active,true,MWDSP,,,ERP Inventory Posting Group,blank_allowed,,,,blank_allowed,,,,none,6/23/2026 11:23 AM,false,
547,91d5f8bb-c9a1-f011-bbd0-6045bd6a40e2,15289-001,15289-001,SHAFT MAIN ROTOR 4 & 8 BLEAD PULSER RIETAINER,SHAFT MAIN ROTOR 4 & 8 BLEAD PULSER RIETAINER,normalized non-breaking spaces,PCS,1,active,true,MWDSP,,,ERP Inventory Posting Group,blank_allowed,,,,blank_allowed,,,,none,2/19/2026 12:00 PM,false,
548,d9b7cfc0-1a9d-f011-b41a-6045bd6b6bb8,15313-001,15313-001,"PLATE, INLET, 4 PORT, 4.125 SHROUD, G4 PULSER-179-","PLATE, INLET, 4 PORT, 4.125 SHROUD, G4 PULSER-179-",normalized non-breaking spaces,PCS,2,active,true,MWDSP,,,ERP Inventory Posting Group,blank_allowed,,,,blank_allowed,,,,none,9/29/2025 5:32 PM,false,
549,f5d0d7a7-209d-f011-b419-002248cb9746,15330-001,15330-001,MWD Drilling Spares,MWD Drilling Spares,normalized non-breaking spaces,PCS,26,active,true,MWDSP,,,ERP Inventory Posting Group,blank_allowed,,,,blank_allowed,,,,none,6/28/2026 4:08 PM,false,
550,344b1acb-ea51-f111-a820-7ced8d57d948,153361,153361,"LATCHING MULESHOE, LARGE V2","LATCHING MULESHOE, LARGE V2",normalized non-breaking spaces,PCS,2,active,true,MWDSP,,,ERP Inventory Posting Group,blank_allowed,,,,blank_allowed,,,,none,6/23/2026 11:23 AM,false,
551,6aa7d60a-e451-f111-a820-7ced8d57d948,153372,153372,Latching Helix V3,Latching Helix V3,normalized non-breaking spaces,PCS,1,active,true,MWDSP,,,ERP Inventory Posting Group,blank_allowed,,,,blank_allowed,,,,none,6/28/2026 4:08 PM,false,
552,ee2c8f39-e451-f111-a820-7ced8d57d948,153381,153381,"Abrasion Ring, V2","Abrasion Ring, V2",normalized non-breaking spaces,PCS,3,active,true,MWDSP,,,ERP Inventory Posting Group,blank_allowed,,,,blank_allowed,,,,none,7/2/2026 3:51 PM,false,
553,56bafbea-ea51-f111-a820-7ced8d57d948,153391,153391,"Wear Cap, V2","Wear Cap, V2",normalized non-breaking spaces,PCS,4,active,true,MWDSP,,,ERP Inventory Posting Group,blank_allowed,,,,blank_allowed,,,,none,7/2/2026 3:51 PM,false,
554,32afa4ef-ed51-f111-a820-7ced8d57d948,153401,153401,"Medium Align Key, V2","Medium Align Key, V2",normalized non-breaking spaces,PCS,2,active,true,MWDSP,,,ERP Inventory Posting Group,blank_allowed,,,,blank_allowed,,,,none,6/23/2026 11:23 AM,false,
555,fd67906d-eb51-f111-a820-7ced8d57d948,153411,153411,"Large Align Key, V2","Large Align Key, V2",normalized non-breaking spaces,PCS,4,active,true,MWDSP,,,ERP Inventory Posting Group,blank_allowed,,,,blank_allowed,,,,none,7/2/2026 3:51 PM,false,
556,ac5965ff-eb51-f111-a820-7ced8d57d948,153711,153711,"Latching Pin, Med. BeCu","Latching Pin, Med. BeCu",normalized non-breaking spaces,PCS,15,active,true,MWDSP,,,ERP Inventory Posting Group,blank_allowed,,,,blank_allowed,,,,none,7/2/2026 3:51 PM,false,
557,67fdad7b-ed51-f111-a820-7ced8d57d948,154141,154141,"1.28"" Carbide Bottom Sleeve Orifice","1.28"" Carbide Bottom Sleeve Orifice",normalized non-breaking spaces,PCS,2,active,true,MWDSP,,,ERP Inventory Posting Group,blank_allowed,,,/api/list-options/asset_sizes,blank_allowed,"1.28"" -> 1 9/32""",,,none,6/23/2026 11:23 AM,false,
558,a5cab69a-ed51-f111-a820-7ced8d57d948,154142,154142,"1.35"" Carbide Bottom Sleeve Orifice","1.35"" Carbide Bottom Sleeve Orifice",normalized non-breaking spaces,PCS,2,active,true,MWDSP,,,ERP Inventory Posting Group,blank_allowed,,,/api/list-options/asset_sizes,blank_allowed,"1.35"" -> 1 11/32""",,,none,6/23/2026 11:23 AM,false,
559,44f156b0-ed51-f111-a820-7ced8d57d948,154143,154143,"1.40"" Carbide Bottom Sleeve Orifice","1.40"" Carbide Bottom Sleeve Orifice",normalized non-breaking spaces,PCS,2,active,true,MWDSP,,,ERP Inventory Posting Group,blank_allowed,,,/api/list-options/asset_sizes,blank_allowed,"1.40"" -> 1 13/32""",,,none,6/23/2026 11:23 AM,false,
560,1666d6cf-ed51-f111-a820-7ced8d57d948,154145,154145,"1.50"" Carbide Bottom Sleeve Orifice","1.50"" Carbide Bottom Sleeve Orifice",normalized non-breaking spaces,PCS,2,active,true,MWDSP,,,ERP Inventory Posting Group,blank_allowed,"1 1/2""",1.50000,User-confirmed exception,user_confirmed,"1.50"" -> 1 1/2""",,,none,6/23/2026 11:23 AM,false,
561,706e3c61-ed51-f111-a820-7ced8d57d948,154146,154146,"1.25"" Carbide Bottom Sleeve Orifice","1.25"" Carbide Bottom Sleeve Orifice",normalized non-breaking spaces,PCS,2,active,true,MWDSP,,,ERP Inventory Posting Group,blank_allowed,"1 1/4""",1.25000,Current database,existing,"1.25"" -> 1 1/4""",,,none,6/23/2026 11:23 AM,false,
562,98f0c992-ec51-f111-a820-7ced8d57d948,154411,154411,"Latching Spring, White","Latching Spring, White",normalized non-breaking spaces,PCS,9,active,true,MWDSP,,,ERP Inventory Posting Group,blank_allowed,,,,blank_allowed,,,,none,7/2/2026 3:51 PM,false,
563,33834b1b-eb51-f111-a820-7ced8d57d948,154471,154471,REPLACEABLE REVERSE HELIX,REPLACEABLE REVERSE HELIX,normalized non-breaking spaces,PCS,3,active,true,MWDSP,,,ERP Inventory Posting Group,blank_allowed,,,,blank_allowed,,,,none,7/2/2026 3:51 PM,false,
564,ae59a2aa-ec51-f111-a820-7ced8d57d948,154481,154481,Spring Cap,Spring Cap,normalized non-breaking spaces,PCS,9,active,true,MWDSP,,,ERP Inventory Posting Group,blank_allowed,,,,blank_allowed,,,,none,7/2/2026 3:51 PM,false,
565,21a14fc3-e351-f111-a820-7ced8d57d948,155032,155032,PISTON CAP US - V2,PISTON CAP US - V2,normalized non-breaking spaces,PCS,2,active,true,MWDSP,,,ERP Inventory Posting Group,blank_allowed,,,,blank_allowed,,,,none,6/23/2026 11:23 AM,false,
566,0fdcabe7-e351-f111-a820-7ced8d57d948,155042,155042,"Sleeve, Ceramic, 3"" X- Hard","Sleeve, Ceramic, 3"" X- Hard",normalized non-breaking spaces,PCS,1,active,true,MWDSP,,,ERP Inventory Posting Group,blank_allowed,,,/api/list-options/asset_sizes,blank_allowed,"3"" -> 3""",,,none,6/23/2026 11:23 AM,false,
567,de2fea2e-1734-f111-bec2-70a8a51df30e,155053,155053,Main Spring 18LB,Main Spring 18LB,normalized non-breaking spaces,PCS,0,active,true,MWDSP,,,ERP Inventory Posting Group,blank_allowed,,,,blank_allowed,,,,none,7/2/2026 3:51 PM,false,
568,e0598720-1634-f111-bec2-70a8a51df30e,155061,155061,MAIN SHAFT ORIFICE,MAIN SHAFT ORIFICE,normalized non-breaking spaces,PCS,1,active,true,MWDSP,,,ERP Inventory Posting Group,blank_allowed,,,,blank_allowed,,,,none,7/2/2026 3:51 PM,false,
569,81dd05f3-ee51-f111-a820-7ced8d57d948,158791,158791,"Enclosure, Male Rotary Connector","Enclosure, Male Rotary Connector",normalized non-breaking spaces,PCS,2,active,true,MWDSP,,,ERP Inventory Posting Group,blank_allowed,,,,blank_allowed,,,,none,6/23/2026 11:23 AM,false,
570,ebdbbc69-ef51-f111-a820-7ced8d57d948,158801,158801,"Safety, Male Rotary Connector","Safety, Male Rotary Connector",normalized non-breaking spaces,PCS,4,active,true,MWDSP,,,ERP Inventory Posting Group,blank_allowed,,,,blank_allowed,,,,none,6/23/2026 11:23 AM,false,
571,aa4a5a2b-e651-f111-a820-7ced8d57d948,158851,158851,"Poppet, Main 1.080"" - V2","Poppet, Main 1.080"" - V2",normalized non-breaking spaces,PCS,2,active,true,MWDSP,,,ERP Inventory Posting Group,blank_allowed,,,/api/list-options/asset_sizes,blank_allowed,"1.080"" -> 1 3/32""",,,none,6/23/2026 11:23 AM,false,
572,b8551942-e651-f111-a820-7ced8d57d948,158861,158861,"Poppet, Main 1.122"" - V2","Poppet, Main 1.122"" - V2",normalized non-breaking spaces,PCS,2,active,true,MWDSP,,,ERP Inventory Posting Group,blank_allowed,,,/api/list-options/asset_sizes,blank_allowed,"1.122"" -> 1 1/8""",,,none,6/23/2026 11:23 AM,false,
573,5caccf91-e951-f111-a820-7ced8d57d948,158871,158871,"Poppet, Main 1.145"" - V2","Poppet, Main 1.145"" - V2",normalized non-breaking spaces,PCS,2,active,true,MWDSP,,,ERP Inventory Posting Group,blank_allowed,,,/api/list-options/asset_sizes,blank_allowed,"1.145"" -> 1 5/32""",,,none,6/23/2026 11:23 AM,false,
574,8c9efea6-e951-f111-a820-7ced8d57d948,158881,158881,"Poppet, Main 1.160"" - V2","Poppet, Main 1.160"" - V2",normalized non-breaking spaces,PCS,2,active,true,MWDSP,,,ERP Inventory Posting Group,blank_allowed,,,/api/list-options/asset_sizes,blank_allowed,"1.160"" -> 1 5/32""",,,none,6/23/2026 11:23 AM,false,
575,6f7c6c27-0b3e-f011-be59-6045bd157c64,2EXL10518CR4,2EXL10518CR4,"Lithium DD 36V, 28Ah, 80g, lit cell","Lithium DD 36V, 28Ah, 80g, lit cell",normalized non-breaking spaces,PCS,15,active,true,MWDSP,,,ERP Inventory Posting Group,blank_allowed,,,,blank_allowed,,,,none,6/10/2026 3:42 PM,false,
576,fb42e58e-d4d4-f011-8542-7ced8d578578,343901,343901,"SASM,Battery subconnect RC2","SASM, Battery subconnect RC2",normalized non-breaking spaces; normalized spacing and punctuation,PCS,0,active,true,MWDSP,,,ERP Inventory Posting Group,blank_allowed,,,,blank_allowed,,,,none,6/10/2026 3:42 PM,false,
577,7eea8d93-1534-f111-bec2-70a8a51df30e,345751,345751,SASM Sleeved Main shaft,SASM Sleeved Main shaft,normalized non-breaking spaces,PCS,2,active,true,MWDSP,,,ERP Inventory Posting Group,blank_allowed,,,,blank_allowed,,,,none,7/2/2026 3:51 PM,false,
578,71300621-ed51-f111-a820-7ced8d57d948,421151,421151,"Retaining Ring, 2 7/16 SS","Retaining Ring, 2 7/16 SS",normalized non-breaking spaces,PCS,2,active,true,MWDSP,,,ERP Inventory Posting Group,blank_allowed,,,/api/list-options/asset_sizes,blank_allowed,"2 7/16 -> 2 7/16""",,,none,6/23/2026 11:23 AM,false,
579,d0c9cde2-eb51-f111-a820-7ced8d57d948,422061,422061,Muleshoe Roll Pin,Muleshoe Roll Pin,normalized non-breaking spaces,PCS,7,active,true,MWDSP,,,ERP Inventory Posting Group,blank_allowed,,,,blank_allowed,,,,none,7/2/2026 3:51 PM,false,
580,3aeff69f-b6aa-f011-bbd0-0022480d7431,60191,60191,"Lifting, Bail","Lifting, Bail",normalized non-breaking spaces,PCS,0,active,true,MWDSP,,,ERP Inventory Posting Group,blank_allowed,,,,blank_allowed,,,,none,6/10/2026 3:42 PM,false,
581,34fa6433-0b3e-f011-be59-6045bd157c64,60213-EXL-EX,60213-EXL-EX,"BATTERY MODULE 10 X DD, 150°C HIGH RATE EXCELL","BATTERY MODULE 10 X DD, 150°C HIGH RATE EXCELL",normalized non-breaking spaces,PCS,0,active,true,MWDSP,,,ERP Inventory Posting Group,blank_allowed,,,,blank_allowed,,,,none,9/7/2025 10:32 AM,false,
582,7e9ace0a-829f-f011-b419-6045bd15a787,60264,60264,"KIT, PULSER - MECHANICAL, SEAL RETAINING","KIT, PULSER - MECHANICAL, SEAL RETAINING",normalized non-breaking spaces,PCS,11,active,true,MWDSP,,,ERP Inventory Posting Group,blank_allowed,,,,blank_allowed,,,,none,2/19/2026 12:00 PM,false,
583,8948371b-629f-f011-b419-6045bd14822d,60321,60321,"SUSPENSION ASSY, MOLDED - HEAVY DUTY","SUSPENSION ASSY, MOLDED - HEAVY DUTY",normalized non-breaking spaces,PCS,2,active,true,MWDSP,,,ERP Inventory Posting Group,blank_allowed,,,,blank_allowed,,,,none,2/19/2026 12:00 PM,false,
584,982d8a3f-c89e-f011-b419-6045bd15a787,60329,60329,"HARNESS ASSY, BATTERY PACK","HARNESS ASSY, BATTERY PACK",normalized non-breaking spaces,PCS,9,active,true,MWDSP,,,ERP Inventory Posting Group,blank_allowed,,,,blank_allowed,,,,none,6/25/2026 4:20 PM,false,
585,e5689f45-1f9d-f011-b419-002248cb9746,60331-316 (FIXED MT),60331-316 (FIXED MT),"VALVE ASSY, INVERTED, 4.125 FIXED MT PULSER-320-750 GPM","VALVE ASSY, INVERTED, 4.125 FIXED MT PULSER-320-750 GPM",normalized non-breaking spaces,PCS,1,active,true,MWDSP,,,ERP Inventory Posting Group,blank_allowed,,,,blank_allowed,,,,none,9/29/2025 5:32 PM,false,
586,c6fd8d9f-1f9d-f011-b419-002248cb9746,60331-316 (INVERTED),60331-316 (INVERTED),"VALVE ASSY, 4.125 G2.6/G4.1 INVERTED, 3030 2.90 RO","VALVE ASSY, 4.125 G2.6/G4.1 INVERTED, 3030 2.90 RO",normalized non-breaking spaces,PCS,1,active,true,MWDSP,,,ERP Inventory Posting Group,blank_allowed,,,,blank_allowed,,,,none,9/29/2025 5:32 PM,false,
587,f89356a7-6acf-f011-8542-7ced8d57afa3,60879,60879,Kit Basic Tools & Supplies (Level 1 Maintenance),Kit Basic Tools & Supplies (Level 1 Maintenance),normalized non-breaking spaces,SET,0,active,true,MWDSP,,,ERP Inventory Posting Group,blank_allowed,,,,blank_allowed,,,,none,6/10/2026 3:42 PM,false,
588,f8cc10de-819f-f011-b419-6045bd15a787,60883,60883,"COUPLING ASSY, .320 HEX - ROTARY PULSER","COUPLING ASSY, .320 HEX - ROTARY PULSER",normalized non-breaking spaces,PCS,2,active,true,MWDSP,,,ERP Inventory Posting Group,blank_allowed,,,,blank_allowed,,,,none,2/19/2026 12:00 PM,false,
589,9fa8c0e7-1f9d-f011-b419-002248cb9746,61195,61195,CENTRALIZER ASSY - FLOWSTAT INTERFACE,CENTRALIZER ASSY - FLOWSTAT INTERFACE,normalized non-breaking spaces,PCS,0,active,true,MWDSP,,,ERP Inventory Posting Group,blank_allowed,,,,blank_allowed,,,,none,2/19/2026 12:00 PM,false,
590,80b20db6-1d9d-f011-b41a-6045bd6b6bb8,61250-269,61250-269,"CENTRALIZER ASSY, SONDE-2.69 MOLDED, 4 FIN, 2.008","CENTRALIZER ASSY, SONDE-2.69 MOLDED, 4 FIN, 2.008",normalized non-breaking spaces,PCS,3,active,true,MWDSP,,,ERP Inventory Posting Group,blank_allowed,,,,blank_allowed,,,,none,6/10/2026 3:42 PM,false,
591,98413503-1f9d-f011-b419-002248cb9746,61250-325,61250-325,Centralizer Molded Sleeve 3.25 DIA,Centralizer Molded Sleeve 3.25 DIA,normalized non-breaking spaces,PCS,11,active,true,MWDSP,,,ERP Inventory Posting Group,blank_allowed,,,,blank_allowed,,,,none,2/19/2026 12:00 PM,false,
592,26fa6433-0b3e-f011-be59-6045bd157c64,62044,62044,"Kit, Lithium Battery Safety","Kit, Lithium Battery Safety",normalized non-breaking spaces,PCS,1,active,true,MWDSP,,,ERP Inventory Posting Group,blank_allowed,,,,blank_allowed,,,,none,2/19/2026 12:00 PM,false,
593,2c589c47-6b9f-f011-b419-6045bd14822d,62818-001,62818-001,"BEARING SET, PULSER MECHANICAL ASSY-40° ANG CONTACT (3 per Set)","BEARING SET, PULSER MECHANICAL ASSY-40° ANG CONTACT (3 per Set)",normalized non-breaking spaces,PCS,6,active,true,MWDSP,,,ERP Inventory Posting Group,blank_allowed,,,,blank_allowed,,,,none,6/17/2026 5:07 PM,false,
594,b47d1319-e49d-f011-b419-6045bd15a787,62839-269-NT,62839-269-NT,"CENTRALIZER ASSY, SONDE-2.69 MOLDED, 4 FIN, 2.008","CENTRALIZER ASSY, SONDE-2.69 MOLDED, 4 FIN, 2.008",normalized non-breaking spaces,PCS,5,active,true,MWDSP,,,ERP Inventory Posting Group,blank_allowed,,,,blank_allowed,,,,none,6/10/2026 3:42 PM,false,
595,2cfa6433-0b3e-f011-be59-6045bd157c64,62839-325-NT,62839-325-NT,"CENTRALIZER ASSY. SONDE-3.25 MOLDED, 4 FIN, 2 008 OD N[TRONIC 50 SLV","CENTRALIZER ASSY. SONDE-3.25 MOLDED, 4 FIN, 2 008 OD N[TRONIC 50 SLV",normalized non-breaking spaces,PCS,3,active,true,MWDSP,,,ERP Inventory Posting Group,blank_allowed,,,,blank_allowed,,,,none,6/10/2026 3:42 PM,false,
596,2efa6433-0b3e-f011-be59-6045bd157c64,62839-350-NT,62839-350-NT,"CENTRALIZER ASSY, SONDE-3.50 MOLDED, 4 FIN, 2 008 OD NITRONIC 50 SLV","CENTRALIZER ASSY, SONDE-3.50 MOLDED, 4 FIN, 2 008 OD NITRONIC 50 SLV",normalized non-breaking spaces,PCS,6,active,true,MWDSP,,,ERP Inventory Posting Group,blank_allowed,,,,blank_allowed,,,,none,5/12/2026 12:51 PM,false,
597,b629273b-1a9d-f011-b41a-6045bd6b6bb8,62854-290,62854-290,"ROTOR ASSY, PULSER, 2.90 OD, 3030 EDGE-INVERTED","ROTOR ASSY, PULSER, 2.90 OD, 3030 EDGE-INVERTED",normalized non-breaking spaces,PCS,1,active,true,MWDSP,,,ERP Inventory Posting Group,blank_allowed,,,,blank_allowed,,,,none,2/19/2026 12:00 PM,false,
598,9a30a6f9-4a65-f011-8eed-6045bd14f232,62854-340,62854-340,"ROTOR Assy Pulser 3.40 OD, 3030 Edge Inverter","ROTOR Assy Pulser 3.40 OD, 3030 Edge Inverter",normalized non-breaking spaces,PCS,2,active,true,MWDSP,,,ERP Inventory Posting Group,blank_allowed,,,,blank_allowed,,,,none,2/22/2026 10:54 AM,false,
599,b65e6998-219d-f011-b419-002248cb9746,62876-340-FX,62876-340-FX,"VALVE ASSY, 5.25 G2.6+/4.1+ INVERTED, 3030 3.40 RO","VALVE ASSY, 5.25 G2.6+/4.1+ INVERTED, 3030 3.40 RO",normalized non-breaking spaces,PCS,0,active,true,MWDSP,,,ERP Inventory Posting Group,blank_allowed,,,,blank_allowed,,,,none,2/19/2026 12:00 PM,false,
600,ae3aca89-e39d-f011-b419-6045bd15a787,62877-290-FX,62877-290-FX,"VALVE ASSY, 4.125 G2.6/G4.1 INVERTED, 3030 2.90 RO","VALVE ASSY, 4.125 G2.6/G4.1 INVERTED, 3030 2.90 RO",normalized non-breaking spaces,PCS,0,active,true,MWDSP,,,ERP Inventory Posting Group,blank_allowed,,,,blank_allowed,,,,none,9/30/2025 1:56 PM,false,
601,c04ffc6d-899f-f011-b419-6045bd15a787,62877-316-FX,62877-316-FX,"VALVE ASSY, 4.125 G2.6/G4.1 INVERTED, 3030 3.16 ROTOR-FIXED MT, 324-701 GPM FLOW","VALVE ASSY, 4.125 G2.6/G4.1 INVERTED, 3030 3.16 ROTOR-FIXED MT, 324-701 GPM FLOW",normalized non-breaking spaces,PCS,0,active,true,MWDSP,,,ERP Inventory Posting Group,blank_allowed,,,,blank_allowed,,,,none,10/2/2025 4:16 PM,false,
602,8329b2cc-1e9d-f011-b419-002248cb9746,62878-272-FX (3.16),62878-272-FX (3.16),"VALVE ASSY, 5.25 G4.1 INVERTED, 3030 3.16 ROTOR-FI","VALVE ASSY, 5.25 G4.1 INVERTED, 3030 3.16 ROTOR-FI",normalized non-breaking spaces,PCS,0,active,true,MWDSP,,,ERP Inventory Posting Group,blank_allowed,,,,blank_allowed,,,,none,2/19/2026 12:00 PM,false,
603,3229a604-1e9d-f011-b41a-6045bd6b6bb8,62878-272-FX (3.40),62878-272-FX (3.40),"VALVE ASSY, 5.25 G4.1 INVERTED, 3030 3.40 ROTOR-FI","VALVE ASSY, 5.25 G4.1 INVERTED, 3030 3.40 ROTOR-FI",normalized non-breaking spaces,PCS,2,active,true,MWDSP,,,ERP Inventory Posting Group,blank_allowed,,,,blank_allowed,,,,none,9/29/2025 5:32 PM,false,
604,dd3a2168-219d-f011-b419-002248cb9746,62879-FX,62879-FX,"SHROUD & LINER ASSY, 5.25 DIA-G2.6/G4.1/G5.1 FIXED","SHROUD & LINER ASSY, 5.25 DIA-G2.6/G4.1/G5.1 FIXED",normalized non-breaking spaces,PCS,1,active,true,MWDSP,,,ERP Inventory Posting Group,blank_allowed,,,,blank_allowed,,,,none,9/29/2025 5:32 PM,false,
605,5da6ca9a-eaa1-f011-bbd0-6045bd6a40e2,62880-FX,62880-FX,"SHROUD AND LINER ASSY 4.125"" DIA- G2.6 /G4.1 /G5.1 FIXE ","SHROUD AND LINER ASSY 4.125"" DIA- G2.6 /G4.1 /G5.1 FIXE",normalized non-breaking spaces,PCS,1,active,true,MWDSP,,,ERP Inventory Posting Group,blank_allowed,"4 1/8""",4.12500,/api/list-options/asset_sizes,asset_size_match,"4.125"" -> 4 1/8""",,,none,2/19/2026 12:00 PM,false,
606,3bf5af56-fd42-f111-a820-6045bd1541de,660012,660012,"3 1/2"" IF Fin Cutter","3 1/2"" IF Fin Cutter",normalized non-breaking spaces,PCS,1,active,true,MWDSP,,,ERP Inventory Posting Group,blank_allowed,"3 1/2""",3.50000,Description,high,"3 1/2"" -> 3 1/2""",,,none,5/31/2026 10:57 AM,false,
607,c0aa14ce-eba1-f011-bbd0-6045bd6a40e2,80019,80019,GREASE,GREASE,,CAN,0,active,true,MWDSP,,,ERP Inventory Posting Group,blank_allowed,,,,blank_allowed,,,,none,2/16/2026 7:41 PM,false,
608,a50bb980-869f-f011-b419-6045bd15a787,80175,80175,"SCREW, PNH, 4-40, .312 LG, SST","SCREW, PNH, 4-40, .312 LG, SST",normalized non-breaking spaces,PCS,8,active,true,MWDSP,,,ERP Inventory Posting Group,blank_allowed,,,,blank_allowed,,,,none,7/2/2026 3:51 PM,false,
609,b37b549f-769f-f011-b419-6045bd15a787,80265,80265,"O-RING, -124, 1.237 ID, .103 SECT, 75 DURO FKM","O-RING, -124, 1.237 ID, .103 SECT, 75 DURO FKM",normalized non-breaking spaces,PCS,30,active,true,MWDSP,,,ERP Inventory Posting Group,blank_allowed,,,,blank_allowed,,,,none,6/17/2026 5:07 PM,false,
610,f3dc8c71-6b9f-f011-b419-6045bd14822d,80268,80268,"BEARING, NEEDLE .625 I.D. X .812 O.D. X .50 LG","BEARING, NEEDLE .625 I.D. X .812 O.D. X .50 LG",normalized non-breaking spaces,PCS,7,active,true,MWDSP,,,ERP Inventory Posting Group,blank_allowed,,,,blank_allowed,,,,none,6/17/2026 5:07 PM,false,
611,899d8ef2-6a9f-f011-b419-6045bd14822d,80289,80289,"SEAL, SPRING ENGERGIZED, .6248 SHAFT, .8130 BORE, TURCON T25","SEAL, SPRING ENERGIZED, .6248 SHAFT, .8130 BORE, TURCON T25",normalized non-breaking spaces; corrected spelling to Energized,PCS,23,active,true,MWDSP,,,ERP Inventory Posting Group,blank_allowed,,,,blank_allowed,,,,none,6/17/2026 5:07 PM,false,
612,8a08578f-629f-f011-b419-6045bd14822d,80291,80291,"O-RING -128,1.487ID,.103SECT,DURO FKM","O-RING -128,1.487ID, .103SECT, DURO FKM",normalized non-breaking spaces; normalized spacing and punctuation,PCS,98,active,true,MWDSP,,,ERP Inventory Posting Group,blank_allowed,,,,blank_allowed,,,,none,6/10/2026 3:42 PM,false,
613,2444c716-6b9f-f011-b419-6045bd14822d,80293,80293,"O-RING, -020, .864 ID, .070 SECT, 75 DURO FKM","O-RING, -020, .864 ID, .070 SECT, 75 DURO FKM",normalized non-breaking spaces,PCS,28,active,true,MWDSP,,,ERP Inventory Posting Group,blank_allowed,,,,blank_allowed,,,,none,6/17/2026 5:07 PM,false,
614,7454edab-859f-f011-b419-6045bd15a787,80394,80394,"O-RING, -008, .176 ID, .070 SECT, 75 DURO FKM","O-RING, -008, .176 ID, .070 SECT, 75 DURO FKM",normalized non-breaking spaces,PCS,18,active,true,MWDSP,,,ERP Inventory Posting Group,blank_allowed,,,,blank_allowed,,,,none,6/17/2026 5:07 PM,false,
615,5d9fef5b-629f-f011-b419-6045bd14822d,80397,80397,"O-RING, -221, 1.421 ID, .139 SECT, 75 DURO FKM","O-RING, -221, 1.421 ID, .139 SECT, 75 DURO FKM",normalized non-breaking spaces,PCS,25,active,true,MWDSP,,,ERP Inventory Posting Group,blank_allowed,,,,blank_allowed,,,,none,6/10/2026 3:42 PM,false,
616,4d7d2364-809f-f011-b419-6045bd15a787,80398,80398,"O-RING, -017, .676 ID, .070 SECT, 75 DURO FKM","O-RING, -017, .676 ID, .070 SECT, 75 DURO FKM",normalized non-breaking spaces,PCS,28,active,true,MWDSP,,,ERP Inventory Posting Group,blank_allowed,,,,blank_allowed,,,,none,6/17/2026 5:07 PM,false,
617,2a38f38a-699f-f011-b419-6045bd14822d,80435,80435,"SCREW, PNH, 2-56, .25 LG, 18-8","SCREW, PNH, 2-56, .25 LG, 18-8",normalized non-breaking spaces,PCS,6,active,true,MWDSP,,,ERP Inventory Posting Group,blank_allowed,,,,blank_allowed,,,,none,2/19/2026 12:00 PM,false,
618,e8db895d-889f-f011-b419-6045bd15a787,80763,80763,"KEY,WOODRUFF, USA STD #404, 316 SST","KEY, WOODRUFF, USA STD #404, 316 SST",normalized non-breaking spaces; normalized spacing and punctuation,PCS,23,active,true,MWDSP,,,ERP Inventory Posting Group,blank_allowed,,,,blank_allowed,,,,none,2/19/2026 12:00 PM,false,
619,5b77cde2-889f-f011-b419-6045bd15a787,80765,80765,"Seal, Rotating","Seal, Rotating",normalized non-breaking spaces,PCS,46,active,true,MWDSP,,,ERP Inventory Posting Group,blank_allowed,,,,blank_allowed,,,,none,6/28/2026 4:08 PM,false,
620,f369c9e1-899f-f011-b419-6045bd15a787,80783,80783,DOWEL PIN1/4 (.2502)X 1/2 316,DOWEL PIN1/4 (.2502)X 1/2 316,normalized non-breaking spaces,PCS,50,active,true,MWDSP,,,ERP Inventory Posting Group,blank_allowed,,,,blank_allowed,,,,none,2/19/2026 12:00 PM,false,
621,10a3fcdf-869f-f011-b419-6045bd15a787,80866,80866,"SCREW, SHC .312-24X1.375 LG. SPECIAL A-286 (160 KSI MIN)","SCREW, SHC .312-24X1.375 LG. SPECIAL A-286 (160 KSI MIN)",normalized non-breaking spaces,PCS,8,active,true,MWDSP,,,ERP Inventory Posting Group,blank_allowed,,,,blank_allowed,,,,none,2/19/2026 12:00 PM,false,
622,55f07d42-7b9f-f011-b419-6045bd15a787,80872,80872,"SET SCREW, 10-32, 1/8 LG, FLAT PT, ALLOY","SET SCREW, 10-32, 1/8 LG, FLAT PT, ALLOY",normalized non-breaking spaces,PCS,27,active,true,MWDSP,,,ERP Inventory Posting Group,blank_allowed,,,,blank_allowed,,,,none,6/17/2026 5:07 PM,false,
623,334f5cbc-7b9f-f011-b419-6045bd15a787,80873,80873,"SOCKET,HOLLOW LOCK 10-32UNF X 1/8 LG ALLOY","SOCKET, HOLLOW LOCK 10-32UNF X 1/8 LG ALLOY",normalized non-breaking spaces; normalized spacing and punctuation,PCS,27,active,true,MWDSP,,,ERP Inventory Posting Group,blank_allowed,,,,blank_allowed,,,,none,6/17/2026 5:07 PM,false,
624,93bd2de3-c69e-f011-b419-6045bd15a787,80918,80918,O-Ring -319 Viton -75 Durometer,O-Ring -319 Viton -75 Durometer,normalized non-breaking spaces,PCS,85,active,true,MWDSP,,,ERP Inventory Posting Group,blank_allowed,,,,blank_allowed,,,,none,2/19/2026 12:00 PM,false,
625,cbceac70-eba1-f011-bbd0-6045bd6a40e2,80929,80929,LOCTITE 246 BLUE,LOCTITE 246 BLUE,normalized non-breaking spaces,PCS,0,active,true,MWDSP,,,ERP Inventory Posting Group,blank_allowed,,,,blank_allowed,,,,none,10/5/2025 5:02 PM,false,
626,0721bcc5-649f-f011-b419-6045bd14822d,80944,80944,STRAIN RELIEF (FOR CONNECTOR P/N 80946 & 81109),STRAIN RELIEF (FOR CONNECTOR P/N 80946 & 81109),normalized non-breaking spaces,PCS,2,active,true,MWDSP,,,ERP Inventory Posting Group,blank_allowed,,,,blank_allowed,,,,none,6/10/2026 3:42 PM,false,
627,17fce45c-869f-f011-b419-6045bd15a787,80945,80945,"CONNECTOR,WALL MOUNT 22 CONTACT SHELL #13 (SOCKETS)","CONNECTOR, WALL MOUNT 22 CONTACT SHELL #13 (SOCKETS)",normalized non-breaking spaces; normalized spacing and punctuation,PCS,1,active,true,MWDSP,,,ERP Inventory Posting Group,blank_allowed,,,,blank_allowed,,,,none,2/19/2026 12:00 PM,false,
628,705c6427-d8a1-f011-bbd0-6045bd6a40e2,80950,80950,"SCREW ,FH M3*0.5 *6 ALLOY STELL","SCREW, FH M3*0.5 *6 ALLOY STEEL",normalized non-breaking spaces; corrected spelling to Steel; normalized spacing and punctuation,PCS,25,active,true,MWDSP,,,ERP Inventory Posting Group,blank_allowed,,,,blank_allowed,,,,none,2/19/2026 12:00 PM,false,
629,bfb03785-d8a1-f011-bbd0-6045bd6a40e2,80951,80951,"SCREW ,FH M3*0.5 *8 ALLOY STELL","SCREW, FH M3*0.5 *8 ALLOY STEEL",normalized non-breaking spaces; corrected spelling to Steel; normalized spacing and punctuation,PCS,25,active,true,MWDSP,,,ERP Inventory Posting Group,blank_allowed,,,,blank_allowed,,,,none,2/19/2026 12:00 PM,false,
630,ba13a85e-e0a1-f011-bbd0-6045bd6a40e2,80956,80956,SPRING PIN 0.125*0.375 LG 420SST,SPRING PIN 0.125*0.375 LG 420SST,normalized non-breaking spaces,PCS,6,active,true,MWDSP,,,ERP Inventory Posting Group,blank_allowed,,,,blank_allowed,,,,none,6/10/2026 3:42 PM,false,
631,402d65dc-789f-f011-b419-6045bd15a787,81026,81026,"SCREW, SHC, 6-32, .437 LG, ALLOY STEEL","SCREW, SHC, 6-32, .437 LG, ALLOY STEEL",normalized non-breaking spaces,PCS,16,active,true,MWDSP,,,ERP Inventory Posting Group,blank_allowed,,,,blank_allowed,,,,none,2/19/2026 12:00 PM,false,
632,dd7dedfc-649f-f011-b419-6045bd14822d,81028,81028,"Screw, SHC 6-32 x 0.375 Brass (for Battery pack)","Screw, SHC 6-32 x 0.375 Brass (for Battery pack)",normalized non-breaking spaces,PCS,72,active,true,MWDSP,,,ERP Inventory Posting Group,blank_allowed,,,,blank_allowed,,,,none,6/10/2026 3:42 PM,false,
633,a00459ae-eba1-f011-bbd0-6045bd6a40e2,81049,81049,LOCTITE 272 RED,LOCTITE 272 RED,normalized non-breaking spaces,PCS,0,active,true,MWDSP,,,ERP Inventory Posting Group,blank_allowed,,,,blank_allowed,,,,none,10/5/2025 5:04 PM,false,
634,cd24a155-659f-f011-b419-6045bd14822d,81108,81108,"CONNECTOR, WALL MOUNT, 22 CONTACT PIN, SHELL #13","CONNECTOR, WALL MOUNT, 22 CONTACT PIN, SHELL #13",normalized non-breaking spaces,PCS,4,active,true,MWDSP,,,ERP Inventory Posting Group,blank_allowed,,,,blank_allowed,,,,none,2/19/2026 12:00 PM,false,
635,05af5d9e-649f-f011-b419-6045bd14822d,81109,81109,"CONNECTOR,PLUG RATCHET NUT 22 SOCKET #13 SHELL","CONNECTOR, PLUG RATCHET NUT 22 SOCKET #13 SHELL",normalized non-breaking spaces; normalized spacing and punctuation,PCS,5,active,true,MWDSP,,,ERP Inventory Posting Group,blank_allowed,,,,blank_allowed,,,,none,2/19/2026 12:00 PM,false,
636,5661a86c-649f-f011-b419-6045bd14822d,81215,81215,"RING, BACK UP, SPLIT, 1.688 OD, .079 SECT, PEEK","RING, BACK UP, SPLIT, 1.688 OD, .079 SECT, PEEK",normalized non-breaking spaces,PCS,27,active,true,MWDSP,,,ERP Inventory Posting Group,blank_allowed,,,,blank_allowed,,,,none,6/10/2026 3:42 PM,false,
637,a3bdbe46-789f-f011-b419-6045bd15a787,81237,81237,BACK UP RING -124 PEEK SPLIT,BACK UP RING -124 PEEK SPLIT,normalized non-breaking spaces,PCS,12,active,true,MWDSP,,,ERP Inventory Posting Group,blank_allowed,,,,blank_allowed,,,,none,2/19/2026 12:00 PM,false,
638,02f74f37-eba1-f011-bbd0-6045bd6a40e2,81255,81255,PUTTY A AND B,PUTTY A AND B,normalized non-breaking spaces,SET,0,active,true,MWDSP,,,ERP Inventory Posting Group,blank_allowed,,,,blank_allowed,,,,none,10/5/2025 5:01 PM,false,
639,f99768fe-689f-f011-b419-6045bd14822d,81407,81407,"Screw, 6-32 A286 for Key","Screw, 6-32 A286 for Key",normalized non-breaking spaces,PCS,25,active,true,MWDSP,,,ERP Inventory Posting Group,blank_allowed,,,,blank_allowed,,,,none,2/19/2026 12:00 PM,false,
640,283ed199-c49e-f011-b419-6045bd15a787,81408,81408,"Screw, 6-32 A286 (for Battery Module Assy.)","Screw, 6-32 A286 (for Battery Module Assy.)",normalized non-breaking spaces,PCS,46,active,true,MWDSP,,,ERP Inventory Posting Group,blank_allowed,,,,blank_allowed,,,,none,6/25/2026 4:20 PM,false,
641,9b5eba89-c99e-f011-b419-6045bd15a787,81651,81651,"SCREW, PNH, 2-56, .25 LG, SLOTTED, 18-8 SST","SCREW, PNH, 2-56, .25 LG, SLOTTED, 18-8 SST",normalized non-breaking spaces,PCS,6,active,true,MWDSP,,,ERP Inventory Posting Group,blank_allowed,,,,blank_allowed,,,,none,2/19/2026 12:00 PM,false,
642,0487d542-899f-f011-b419-6045bd15a787,81669,81669,"O-RING, 3.027 ID, .070 SECT, 90 DURO FKM","O-RING, 3.027 ID, .070 SECT, 90 DURO FKM",normalized non-breaking spaces,PCS,25,active,true,MWDSP,,,ERP Inventory Posting Group,blank_allowed,,,,blank_allowed,,,,none,6/17/2026 5:07 PM,false,
643,08b6250a-8b9f-f011-b419-6045bd15a787,81670,81670,"O-RING, 3.517 ID, .070 CS, 90 DURO FKM","O-RING, 3.517 ID, .070 CS, 90 DURO FKM",normalized non-breaking spaces,PCS,18,active,true,MWDSP,,,ERP Inventory Posting Group,blank_allowed,,,,blank_allowed,,,,none,6/28/2026 4:08 PM,false,
644,9cb312bc-8b9f-f011-b419-6045bd15a787,81726,81726,"O-RING, 4.689 ID, .070 SECT, MOLDED, 90 DURO FKM","O-RING, 4.689 ID, .070 SECT, MOLDED, 90 DURO FKM",normalized non-breaking spaces,PCS,33,active,true,MWDSP,,,ERP Inventory Posting Group,blank_allowed,,,,blank_allowed,,,,none,6/17/2026 5:07 PM,false,
645,7633766d-859f-f011-b419-6045bd15a787,81836,81836,"RING, BACK UP, SPLIT, -008, TEFLON","RING, BACK UP, SPLIT, -008, TEFLON",normalized non-breaking spaces,PCS,26,active,true,MWDSP,,,ERP Inventory Posting Group,blank_allowed,,,,blank_allowed,,,,none,6/17/2026 5:07 PM,false,
646,823342ee-eaa1-f011-bbd0-6045bd6a40e2,81841,81841,LUBRICANT ANTI SEIZE HIGH TEMP NOT RESTRICTED,LUBRICANT ANTI SEIZE HIGH TEMP NOT RESTRICTED,normalized non-breaking spaces,CAN,0,active,true,MWDSP,,,ERP Inventory Posting Group,blank_allowed,,,,blank_allowed,,,,none,10/5/2025 4:59 PM,false,
647,ef53a02b-659f-f011-b419-6045bd14822d,81955,81955,"SCREW, PNH, 4-40, .5 LG, BRASS","SCREW, PNH, 4-40, .5 LG, BRASS",normalized non-breaking spaces,PCS,2,active,true,MWDSP,,,ERP Inventory Posting Group,blank_allowed,,,,blank_allowed,,,,none,2/19/2026 12:00 PM,false,
648,bf5a090b-899f-f011-b419-6045bd15a787,82166,82166,"O-RING, -234, 2.984 ID, .139 SECT, 90 DURO FKM","O-RING, -234, 2.984 ID, .139 SECT, 90 DURO FKM",normalized non-breaking spaces,PCS,36,active,true,MWDSP,,,ERP Inventory Posting Group,blank_allowed,,,,blank_allowed,,,,none,6/17/2026 5:07 PM,false,
649,32fa6433-0b3e-f011-be59-6045bd157c64,82167,82167,"O-RING, -239, 3.609 ID","O-RING, -239, 3.609 ID",normalized non-breaking spaces,PCS,42,active,true,MWDSP,,,ERP Inventory Posting Group,blank_allowed,,,,blank_allowed,,,,none,6/28/2026 4:08 PM,false,
650,28fa6433-0b3e-f011-be59-6045bd157c64,82168,82168,"O-RING, -248, 4.734 ID","O-RING, -248, 4.734 ID",normalized non-breaking spaces,PCS,6,active,true,MWDSP,,,ERP Inventory Posting Group,blank_allowed,,,,blank_allowed,,,,none,6/10/2026 3:42 PM,false,
651,24fa6433-0b3e-f011-be59-6045bd157c64,82231,82231,"PROBE STAND, ALUMINUM","PROBE STAND, ALUMINUM",normalized non-breaking spaces,PCS,10,active,true,MWDSP,,,ERP Inventory Posting Group,blank_allowed,,,,blank_allowed,,,,none,2/19/2026 12:00 PM,false,
652,0e024e97-6836-f111-bec2-70a8a51df30e,82264,82264,"WING UNION, 2"" - 1502 COMPLETE (15 KSI)","WING UNION, 2"" - 1502 COMPLETE (15 KSI)",normalized non-breaking spaces,PCS,0,active,true,MWDSP,,,ERP Inventory Posting Group,blank_allowed,,,/api/list-options/asset_sizes,blank_allowed,"2"" -> 2""",,,none,4/12/2026 4:11 PM,false,
653,dcf08187-8c9f-f011-b419-6045bd69a71a,82265,82265,"NIPPLE,PIPE-2"" NPT X 6"" LG (6KSI)","NIPPLE, PIPE-2"" NPT X 6"" LG (6KSI)",normalized non-breaking spaces; normalized spacing and punctuation,PCS,1,active,true,MWDSP,,,ERP Inventory Posting Group,blank_allowed,"6""",6.00000,/api/list-options/asset_sizes,asset_size_match,"2"" -> 2"" | 6"" -> 6""",,,none,2/19/2026 12:00 PM,false,
654,8f89eb25-699f-f011-b419-6045bd14822d,82273,82273,"SCREW, PNH, 2-56, .250 LG, BRASS","SCREW, PNH, 2-56, .250 LG, BRASS",normalized non-breaking spaces,PCS,6,active,true,MWDSP,,,ERP Inventory Posting Group,blank_allowed,,,,blank_allowed,,,,none,2/19/2026 12:00 PM,false,
655,30fa6433-0b3e-f011-be59-6045bd157c64,82295,82295,"SET SCREW, 3/4-10, 1.25 LG, GR 8 STL","SET SCREW, 3/4-10, 1.25 LG, GR 8 STL",normalized non-breaking spaces,PCS,19,active,true,MWDSP,,,ERP Inventory Posting Group,blank_allowed,,,,blank_allowed,,,,none,6/10/2026 3:42 PM,false,
656,2afa6433-0b3e-f011-be59-6045bd157c64,82296,82296,"SET SCREW, 3/4-10, 1.50 LG. GR 8 STL","SET SCREW, 3/4-10, 1.50 LG. GR 8 STL",normalized non-breaking spaces,PCS,23,active,true,MWDSP,,,ERP Inventory Posting Group,blank_allowed,,,,blank_allowed,,,,none,6/10/2026 3:42 PM,false,
657,4d0c95cb-8294-f011-b41a-6045bd695714,82297,82297,"Set Screw, 5/8in-11 x 0.625in (4.75in Flow Subs)","Set Screw, 5/8in-11 x 0.625in (4.75in Flow Subs)",normalized non-breaking spaces,PCS,25,active,true,MWDSP,,,ERP Inventory Posting Group,blank_allowed,,,,blank_allowed,,,,none,5/4/2026 4:01 PM,false,
658,5fbd1627-869f-f011-b419-6045bd15a787,82852,82852,"RING, RETAINING - EXTERNAL, .197 DIA SHAFT","RING, RETAINING - EXTERNAL, .197 DIA SHAFT",normalized non-breaking spaces,PCS,36,active,true,MWDSP,,,ERP Inventory Posting Group,blank_allowed,,,,blank_allowed,,,,none,6/17/2026 5:07 PM,false,
659,f077b8d5-859f-f011-b419-6045bd15a787,82853,82853,"SEAL ASSY, PISTON-PULSER SHAFT","SEAL ASSY, PISTON-PULSER SHAFT",normalized non-breaking spaces,PCS,11,active,true,MWDSP,,,ERP Inventory Posting Group,blank_allowed,,,,blank_allowed,,,,none,6/17/2026 5:07 PM,false,
660,5341d617-209d-f011-b419-002248cb9746,83210,83210,Workshop & R& M Tooling ,Workshop & R& M Tooling,normalized non-breaking spaces,PCS,0,active,true,MWDSP,,,ERP Inventory Posting Group,blank_allowed,,,,blank_allowed,,,,none,6/10/2026 3:42 PM,false,
661,25079f6d-caa1-f011-bbd0-6045bd6a40e2,84509,84509,GEAR BOX ASSY HEAVY DUTY,GEAR BOX ASSY HEAVY DUTY,normalized non-breaking spaces,PCS,1,active,true,MWDSP,,,ERP Inventory Posting Group,blank_allowed,,,,blank_allowed,,,,none,2/19/2026 12:00 PM,false,
662,c4641846-c99e-f011-b419-6045bd15a787,84874,84874,"Screw, SHC 6-32 x 0.375, A286 (for Battery Module Assy.)","Screw, SHC 6-32 x 0.375, A286 (for Battery Module Assy.)",normalized non-breaking spaces,PCS,43,active,true,MWDSP,,,ERP Inventory Posting Group,blank_allowed,,,,blank_allowed,,,,none,6/25/2026 4:20 PM,false,
663,10dfc2da-ee51-f111-a820-7ced8d57d948,8690220,8690220,"Back Up, Viton 90 220","Back Up, Viton 90 220",normalized non-breaking spaces,PCS,40,active,true,MWDSP,,,ERP Inventory Posting Group,blank_allowed,,,,blank_allowed,,,,none,6/23/2026 11:23 AM,false,
664,5c69f778-ec51-f111-a820-7ced8d57d948,875014,875014,O-Ring Viton 75 014,O-Ring Viton 75 014,normalized non-breaking spaces,PCS,12,active,true,MWDSP,,,ERP Inventory Posting Group,blank_allowed,,,,blank_allowed,,,,none,6/23/2026 11:23 AM,false,
665,01302999-ea51-f111-a820-7ced8d57d948,875018,875018,O-Ring Viton 75 018,O-Ring Viton 75 018,normalized non-breaking spaces,PCS,9,active,true,MWDSP,,,ERP Inventory Posting Group,blank_allowed,,,,blank_allowed,,,,none,6/23/2026 11:23 AM,false,
666,c2ca423c-ef51-f111-a820-7ced8d57d948,875020,875020,O-Ring Viton 75 020,O-Ring Viton 75 020,normalized non-breaking spaces,PCS,12,active,true,MWDSP,,,ERP Inventory Posting Group,blank_allowed,,,,blank_allowed,,,,none,6/23/2026 11:23 AM,false,
667,0d88893a-e551-f111-a820-7ced8d57d948,875126,875126,O-Ring Viton 75 126,O-Ring Viton 75 126,normalized non-breaking spaces,PCS,4,active,true,MWDSP,,,ERP Inventory Posting Group,blank_allowed,,,,blank_allowed,,,,none,6/28/2026 4:08 PM,false,
668,c4e020f2-e551-f111-a820-7ced8d57d948,875218,875218,O-Ring Viton 75 218,O-Ring Viton 75 218,normalized non-breaking spaces,PCS,12,active,true,MWDSP,,,ERP Inventory Posting Group,blank_allowed,,,,blank_allowed,,,,none,6/28/2026 4:08 PM,false,
669,126bea0f-e651-f111-a820-7ced8d57d948,875220,875220,O-Ring Viton 75 220,O-Ring Viton 75 220,normalized non-breaking spaces,PCS,44,active,true,MWDSP,,,ERP Inventory Posting Group,blank_allowed,,,,blank_allowed,,,,none,6/28/2026 4:08 PM,false,
670,861f835e-e551-f111-a820-7ced8d57d948,875221,875221,O-Ring Viton 75 221,O-Ring Viton 75 221,normalized non-breaking spaces,PCS,4,active,true,MWDSP,,,ERP Inventory Posting Group,blank_allowed,,,,blank_allowed,,,,none,6/28/2026 4:08 PM,false,
671,65e1a7ac-e551-f111-a820-7ced8d57d948,875223,875223,O-Ring Viton 75 223,O-Ring Viton 75 223,normalized non-breaking spaces,PCS,0,active,true,MWDSP,,,ERP Inventory Posting Group,blank_allowed,,,,blank_allowed,,,,none,5/17/2026 3:44 PM,false,
672,10910303-ed51-f111-a820-7ced8d57d948,875225,875225,O-Ring Viton 75 225,O-Ring Viton 75 225,normalized non-breaking spaces,PCS,4,active,true,MWDSP,,,ERP Inventory Posting Group,blank_allowed,,,,blank_allowed,,,,none,6/23/2026 11:23 AM,false,
673,6912e62c-ee51-f111-a820-7ced8d57d948,875233,875233,O-Ring Viton 75 233,O-Ring Viton 75 233,normalized non-breaking spaces,PCS,14,active,true,MWDSP,,,ERP Inventory Posting Group,blank_allowed,,,,blank_allowed,,,,none,6/23/2026 11:23 AM,false,
674,112ee8ca-ec51-f111-a820-7ced8d57d948,875238,875238,O-Ring Viton 75 238,O-Ring Viton 75 238,normalized non-breaking spaces,PCS,8,active,true,MWDSP,,,ERP Inventory Posting Group,blank_allowed,,,,blank_allowed,,,,none,6/23/2026 11:23 AM,false,
675,e5feedab-819f-f011-b419-6045bd15a787,89838,89838,"SET SCREW, 1/4""-20 X .19 L, 316 SST, THREAD-LOCKING PATCH","SET SCREW, 1/4""-20 X .19 L, 316 SST, THREAD-LOCKING PATCH",normalized non-breaking spaces,PCS,6,active,true,MWDSP,,,ERP Inventory Posting Group,blank_allowed,,,/api/list-options/asset_sizes,blank_allowed,"1/4"" -> 1/4""",,,none,2/19/2026 12:00 PM,false,
676,d1d76e51-1634-f111-bec2-70a8a51df30e,8VIT1250-19,8VIT1250-19,"Polypak Viton, 1.187 ID","Polypak Viton, 1.187 ID",normalized non-breaking spaces,PCS,10,active,true,MWDSP,,,ERP Inventory Posting Group,blank_allowed,,,,blank_allowed,,,,none,6/23/2026 11:23 AM,false,
677,0d54b487-ef51-f111-a820-7ced8d57d948,910112-4,910112-4,"Screw, SHC 4-40 X 1/4 SS","Screw, SHC 4-40 X 1/4 SS",normalized non-breaking spaces,PCS,16,active,true,MWDSP,,,ERP Inventory Posting Group,blank_allowed,,,,blank_allowed,,,,none,6/23/2026 11:23 AM,false,
678,676a22b8-ee51-f111-a820-7ced8d57d948,910138-8,910138-8,"Screw, SHC 6-32 x 1/2 SS","Screw, SHC 6-32 x 1/2 SS",normalized non-breaking spaces,PCS,56,active,true,MWDSP,,,ERP Inventory Posting Group,blank_allowed,,,,blank_allowed,,,,none,7/2/2026 3:51 PM,false,
679,83731e1e-ef51-f111-a820-7ced8d57d948,92311-3,92311-3,"Screw, CP Set 8-32 x 3/16 SS","Screw, CP Set 8-32 x 3/16 SS",normalized non-breaking spaces,PCS,8,active,true,MWDSP,,,ERP Inventory Posting Group,blank_allowed,,,,blank_allowed,,,,none,6/23/2026 11:23 AM,false,
680,78db8a40-ed51-f111-a820-7ced8d57d948,930250-10,930250-10,18-8 SS CPS Screw 1/4-20x5/8,18-8 SS CPS Screw 1/4-20x5/8,normalized non-breaking spaces,PCS,6,active,true,MWDSP,,,ERP Inventory Posting Group,blank_allowed,,,,blank_allowed,,,,none,6/23/2026 11:23 AM,false,
681,badfbf5c-ee51-f111-a820-7ced8d57d948,930250-6,930250-6,18-8 SS CPS Screw 1/4-20x3/8,18-8 SS CPS Screw 1/4-20x3/8,normalized non-breaking spaces,PCS,6,active,true,MWDSP,,,ERP Inventory Posting Group,blank_allowed,,,,blank_allowed,,,,none,6/23/2026 11:23 AM,false,
682,bc40a144-ee51-f111-a820-7ced8d57d948,980375-12,980375-12,"Screw, PP Set 3/8""-16 x 3/4"" SS","Screw, PP Set 3/8""-16 x 3/4"" SS",normalized non-breaking spaces,PCS,9,active,true,MWDSP,,,ERP Inventory Posting Group,blank_allowed,"3/4""",0.75000,/api/list-options/asset_sizes,asset_size_match,"3/8"" -> 3/8"" | 3/4"" -> 3/4""",,,none,7/2/2026 3:51 PM,false,
683,74391636-eb51-f111-a820-7ced8d57d948,980375-16,980375-16,"Screw, PP Set 3/8""-16 x 1"" SS","Screw, PP Set 3/8""-16 x 1"" SS",normalized non-breaking spaces,PCS,6,active,true,MWDSP,,,ERP Inventory Posting Group,blank_allowed,,,/api/list-options/asset_sizes,blank_allowed,"3/8"" -> 3/8"" | 1"" -> 1""",,,none,6/23/2026 11:23 AM,false,
684,6eba2d75-ee51-f111-a820-7ced8d57d948,990250-28,990250-28,"Pin, Dowel 1/4"" x 1-3/4"" SS","Pin, Dowel 1/4"" x 1 3/4"" SS",normalized non-breaking spaces; normalized mixed fractions,PCS,6,active,true,MWDSP,,,ERP Inventory Posting Group,blank_allowed,,,/api/list-options/asset_sizes,blank_allowed,"1/4"" -> 1/4"" | 1 3/4"" -> 1 3/4""",,,none,6/23/2026 11:23 AM,false,
685,95aba082-fd42-f111-a820-6045bd1541de,SMS-40111,SMS-40111,"4 1/2"" IF Downhole Fin Cutter","4 1/2"" IF Downhole Fin Cutter",normalized non-breaking spaces,PCS,1,active,true,MWDSP,,,ERP Inventory Posting Group,blank_allowed,"4 1/2""",4.50000,Description,high,"4 1/2"" -> 4 1/2""",,,none,5/31/2026 10:57 AM,false,
686,55fd41ba-fd42-f111-a820-6045bd1541de,SMS-40121,SMS-40121,"6 5/8"" Reg Downhole Fin Cutter","6 5/8"" Reg Downhole Fin Cutter",normalized non-breaking spaces,PCS,1,active,true,MWDSP,,,ERP Inventory Posting Group,blank_allowed,"6 5/8""",6.62500,Description,high,"6 5/8"" -> 6 5/8""",,,none,5/31/2026 10:57 AM,false,
687,006df02d-829f-f011-b419-6045bd15a787,T-10413,T-10413,"CAP,DUST-APS CONNECTION","CAP, DUST-APS CONNECTION",normalized non-breaking spaces; normalized spacing and punctuation,PCS,4,active,true,MWDSP,,MWD / APS,ERP Inventory Posting Group + name,high,,,,blank_allowed,,,,none,7/2/2026 3:51 PM,false,
688,325d30ac-869f-f011-b419-6045bd15a787,T-10471,T-10471,"Cap, Female Dust - APS Connection","Cap, Female Dust - APS Connection",normalized non-breaking spaces,PCS,5,active,true,MWDSP,,MWD / APS,ERP Inventory Posting Group + name,high,,,,blank_allowed,,,,none,7/2/2026 3:51 PM,false,
689,f75ac5ee-b6aa-f011-bbd0-0022480d7431,T-10775-001,T-10775-001,Handling Tool Assy. - Handle,Handling Tool Assy. - Handle,normalized non-breaking spaces,PCS,0,active,true,MWDSP,,,ERP Inventory Posting Group,blank_allowed,,,,blank_allowed,,,,none,6/10/2026 3:42 PM,false,
690,6f40e122-b7aa-f011-bbd0-0022480d7431,T-10775-005,T-10775-005,Handling Tool Assy. - Inverted Valve Alignment (Fixed Mount Tool Only),Handling Tool Assy. - Inverted Valve Alignment (Fixed Mount Tool Only),normalized non-breaking spaces,PCS,0,active,true,MWDSP,,,ERP Inventory Posting Group,blank_allowed,,,,blank_allowed,,,,none,6/10/2026 3:42 PM,false,
691,373d8ec0-6498-f011-b41a-6045bd6a9a98,10515,10515,COPPER COAT,COPPER COAT,normalized non-breaking spaces,CAN,3,active,true,OTHERS,,,ERP Inventory Posting Group,blank_allowed,,,,blank_allowed,,,,none,6/2/2026 2:09 PM,false,
692,7af88b2b-5c65-f011-8eed-6045bd14f232,1311-12,1311-12,"0-12"" HEAVY DUTY VERNIER CALIPER (PN: 3203)","0-12"" HEAVY DUTY VERNIER CALIPER (PN: 3203)",normalized non-breaking spaces,PCS,1,active,true,OTHERS,,,ERP Inventory Posting Group,blank_allowed,,,/api/list-options/asset_sizes,blank_allowed,"0 -> 0"" | 12"" -> 12""",3203,Description (explicit PN: marker),high,2/22/2026 10:54 AM,false,
693,698b809a-5e65-f011-8eed-6045bd14f232,187,187,FELTON WIRE BRUSH,FELTON WIRE BRUSH,normalized non-breaking spaces,PCS,10,active,true,OTHERS,,,ERP Inventory Posting Group,blank_allowed,,,,blank_allowed,,,,none,2/22/2026 10:54 AM,false,
694,e505ac19-6065-f011-8eed-6045bd14f232,191445,191445,"NORTON VORTEX 7AM UNITIZED WHEEL – BLUE 3"" X 1/8"" X 1/4"" ","NORTON VORTEX 7AM UNITIZED WHEEL - BLUE 3"" X 1/8"" X 1/4""",normalized non-breaking spaces; normalized dash characters,PCS,0,active,true,OTHERS,,,ERP Inventory Posting Group,blank_allowed,,,/api/list-options/asset_sizes,blank_allowed,"3"" -> 3"" | 1/8"" -> 1/8"" | 1/4"" -> 1/4""",,,none,2/22/2026 10:54 AM,false,
695,580a7785-6065-f011-8eed-6045bd14f232,199696,199696,"OF NORTON VORTEX 7AM UNITIZED WHEEL – BLUE 3""X 1/4""X 1/4"" ","OF NORTON VORTEX 7AM UNITIZED WHEEL - BLUE 3""X 1/4""X 1/4""",normalized non-breaking spaces; normalized dash characters,PCS,0,active,true,OTHERS,,,ERP Inventory Posting Group,blank_allowed,,,/api/list-options/asset_sizes,blank_allowed,"3"" -> 3"" | 1/4"" -> 1/4""",,,none,2/22/2026 10:54 AM,false,
696,709f448b-5c65-f011-8eed-6045bd14f232,9154642,9154642,FEELER GAUGE INCH UNIT ,FEELER GAUGE INCH UNIT,normalized non-breaking spaces,PCS,2,active,true,OTHERS,,,ERP Inventory Posting Group,blank_allowed,,,,blank_allowed,,,,none,2/22/2026 10:54 AM,false,
697,64421f77-3d8e-f011-b41a-002248cbc856,FLC SUPREME,FLC SUPREME,FLC SUPREME Wellbore Shielding®  Additive  ,FLC SUPREME Wellbore Shielding® Additive,normalized non-breaking spaces; normalized spacing and punctuation,SACK,440,active,true,OTHERS,,,ERP Inventory Posting Group,blank_allowed,,,,blank_allowed,,,,none,2/19/2026 12:00 PM,false,
698,d417dba1-5f65-f011-8eed-6045bd14f232,IN001WZL,IN001WZL,INSIDE MICROMETERS PN:3221-12 INSIZE TUBULAR MIC SET,INSIDE MICROMETERS PN: 3221-12 INSIZE TUBULAR MIC SET,normalized non-breaking spaces; normalized spacing and punctuation,PCS,1,active,true,OTHERS,,,ERP Inventory Posting Group,blank_allowed,,,,blank_allowed,,3221-12,Description (explicit PN: marker),high,2/22/2026 10:53 AM,false,
699,96fab805-037c-f011-8eef-002248d3581c,LC3K,LC3K,Lost Circulation Additive,Lost Circulation Additive,normalized non-breaking spaces,SACK,650,active,true,OTHERS,,,ERP Inventory Posting Group,blank_allowed,,,,blank_allowed,,,,none,2/19/2026 12:00 PM,false,
700,04601f60-5f65-f011-8eed-6045bd14f232,OUT001WZL,OUT001WZL,"OUTSIDE MICROMETERS PN:3203-1212A .001 GRAD OD MIC SET, INSIZE","OUTSIDE MICROMETERS PN: 3203-1212A .001 GRAD OD MIC SET, INSIZE",normalized non-breaking spaces; normalized spacing and punctuation,PCS,1,active,true,OTHERS,,,ERP Inventory Posting Group,blank_allowed,,,,blank_allowed,,3203-1212A,Description (explicit PN: marker),high,2/22/2026 10:53 AM,false,
701,8faa7c62-027c-f011-8eef-002248d3581c,SHIELD BOND® NXT,SHIELD BOND® NXT,Wellbore Shielding® Spacer System,Wellbore Shielding® Spacer System,normalized non-breaking spaces,SACK,210,active,true,OTHERS,,,ERP Inventory Posting Group,blank_allowed,,,,blank_allowed,,,,none,10/16/2025 11:29 AM,false,
702,d801d213-1e71-f011-8eef-002248d3581c,STAR SHIELD®,STAR SHIELD®,STAR SHIELD® Wellbore Shielding®  Additive  ,STAR SHIELD® Wellbore Shielding® Additive,normalized non-breaking spaces; normalized spacing and punctuation,SACK,1084,active,true,OTHERS,,,ERP Inventory Posting Group,blank_allowed,,,,blank_allowed,,,,none,2/19/2026 12:00 PM,false,
703,26acf6a0-2171-f011-8eef-002248d3581c,STAR SHIELD® 3000,STAR SHIELD® 3000,STAR SHIELD® 3000 Wellbore Shielding®  Additive  ,STAR SHIELD® 3000 Wellbore Shielding® Additive,normalized non-breaking spaces; normalized spacing and punctuation,SACK,993,active,true,OTHERS,,,ERP Inventory Posting Group,blank_allowed,,,,blank_allowed,,,,none,2/19/2026 12:00 PM,false,
704,17d6bc70-2171-f011-8eef-002248d3581c,STAR SHIELD® 500,STAR SHIELD® 500,STAR SHIELD® 500 Wellbore Shielding®  Additive  ,STAR SHIELD® 500 Wellbore Shielding® Additive,normalized non-breaking spaces; normalized spacing and punctuation,SACK,0,active,true,OTHERS,,,ERP Inventory Posting Group,blank_allowed,,,,blank_allowed,,,,none,9/22/2025 12:34 PM,false,
705,19a7e238-4f3f-f111-bec4-70a8a51df30e,018-070-A-A01,018-070-A-A01,"RAPTR-X WHIPSTOCK ASSY 7"" CSG, 3.0 DEG, HYDRAULIC SET HINGE ADAPTOR W/ NC38 PIN CONN. RAPTR-X PERMAN","RAPTR-X WHIPSTOCK ASSY 7"" CSG, 3.0 DEG, HYDRAULIC SET HINGE ADAPTOR W/ NC38 PIN CONN. RAPTR-X PERMAN",normalized non-breaking spaces,PCS,2,active,true,WHIPSTOCK,,WHIPSTOCK,ERP Inventory Posting Group,high,"7""",7.00000,/api/list-options/asset_sizes,asset_size_match,"7"" -> 7""",,,none,6/18/2026 3:34 PM,false,
706,7692b928-533f-f111-bec4-7ced8dacb5af,018-070-A-A03,018-070-A-A03,"HOSE HYDRAULIC, FOR HINGE CONNECTOR, 7in OD CSG WHIPSTOCK","HOSE HYDRAULIC, FOR HINGE CONNECTOR, 7in OD CSG WHIPSTOCK",normalized non-breaking spaces,PCS,2,active,true,WHIPSTOCK,,WHIPSTOCK,ERP Inventory Posting Group,high,,,,blank_allowed,,,,none,6/18/2026 3:34 PM,false,
707,3fc48efa-523f-f111-bec4-7ced8dacb5af,018-070-A-A06,018-070-A-A06,"HOSE HYDRAULIC, FOR MILL, 7in OD CSG WHIPSTOCK","HOSE HYDRAULIC, FOR MILL, 7in OD CSG WHIPSTOCK",normalized non-breaking spaces,PCS,2,active,true,WHIPSTOCK,,WHIPSTOCK,ERP Inventory Posting Group,high,,,,blank_allowed,,,,none,6/18/2026 3:34 PM,false,
708,45ab4480-523f-f111-bec4-7ced8dacb5af,018-070-C-006-5,018-070-C-006-5,"RAPTR-X NOZZLE, 7 - 7-5/8in CSG, SIZE 14/32''","RAPTR-X NOZZLE, 7 - 7-5/8in CSG, SIZE 14/32""",normalized non-breaking spaces; normalized inch marks,PCS,6,active,true,WHIPSTOCK,,WHIPSTOCK,ERP Inventory Posting Group,high,,,/api/list-options/asset_sizes,blank_allowed,"14/32"" -> 7/16""",,,none,6/18/2026 3:34 PM,false,
709,2e645e96-513f-f111-bec4-70a8a51df30e,018-070-C-011,018-070-C-011,"RAPTR-X HYD CONNECTOR, 7 - 7-3/4in CSG","RAPTR-X HYD CONNECTOR, 7 - 7-3/4in CSG",normalized non-breaking spaces,PCS,2,active,true,WHIPSTOCK,,WHIPSTOCK,ERP Inventory Posting Group,high,,,,blank_allowed,,,,none,6/18/2026 3:34 PM,false,
710,94216dff-513f-f111-bec4-7ced8dacb5af,018-070-C-016,018-070-C-016,"RAPTR-X KNOCK-OFF PLUG, 7 - 7-3/4in CSG","RAPTR-X KNOCK-OFF PLUG, 7 - 7-3/4in CSG",normalized non-breaking spaces,PCS,4,active,true,WHIPSTOCK,,WHIPSTOCK,ERP Inventory Posting Group,high,,,,blank_allowed,,,,none,6/18/2026 3:34 PM,false,
711,ebb8294a-513f-f111-bec4-70a8a51df30e,018-070-C-018,018-070-C-018,"RAPTR-X SOCKET FOR KNOCK-OFF PLUGS AND HYD FITTING, 5/8''","RAPTR-X SOCKET FOR KNOCK-OFF PLUGS AND HYD FITTING, 5/8""",normalized non-breaking spaces; normalized inch marks,PCS,1,active,true,WHIPSTOCK,,WHIPSTOCK,ERP Inventory Posting Group,high,,,/api/list-options/asset_sizes,blank_allowed,"5/8"" -> 5/8""",,,none,6/18/2026 3:34 PM,false,
712,4cb1ff7b-503f-f111-bec4-70a8a51df30e,018-070-D-A01,018-070-D-A01,"5.000"" OD TOOL, 7"" & 7-5/8"" CSG, NC38 BOX x PIN CONN.","5.000"" OD TOOL, 7"" & 7 5/8"" CSG, NC38 BOX x PIN CONN.",normalized non-breaking spaces; normalized mixed fractions,PCS,2,active,true,WHIPSTOCK,,WHIPSTOCK,ERP Inventory Posting Group,high,,,/api/list-options/asset_sizes,blank_allowed,"5.000"" -> 5"" | 7"" -> 7"" | 7 5/8"" -> 7 5/8""",,,none,6/18/2026 3:34 PM,false,
713,69bfd800-513f-f111-bec4-70a8a51df30e,018-070-E-001,018-070-E-001,"RAPTR-X DIE COLLAR, 7"" CSG, NC38 BOX CONN.","RAPTR-X DIE COLLAR, 7"" CSG, NC38 BOX CONN.",normalized non-breaking spaces,PCS,1,active,true,WHIPSTOCK,,WHIPSTOCK,ERP Inventory Posting Group,high,"7""",7.00000,/api/list-options/asset_sizes,asset_size_match,"7"" -> 7""",,,none,6/18/2026 3:34 PM,false,
714,8a40a5e1-543f-f111-bec4-7ced8dacb5af,018-070-F-001,018-070-F-001,HANG OFF BAR,HANG OFF BAR,normalized non-breaking spaces,PCS,1,active,true,WHIPSTOCK,,WHIPSTOCK,ERP Inventory Posting Group,high,,,,blank_allowed,,,,none,6/18/2026 3:34 PM,false,
715,79c40631-5291-f011-b41a-0022480cffe6,1044,1044,"7"" Whipstock System One Trip Hydraulic Set Permanent Complete Set Incl Whipface Packer Hinge","7"" Whipstock System One Trip Hydraulic Set Permanent Complete Set Incl Whipface Packer Hinge",normalized non-breaking spaces,PCS,0,active,true,WHIPSTOCK,,WHIPSTOCK,ERP Inventory Posting Group,high,"7""",7.00000,Description,high,"7"" -> 7""",,,none,9/14/2025 4:42 PM,false,
716,9dc63ceb-6691-f011-b41a-0022480cffe6,1045,1045,"Tools Box, Consumables & Redress Kit 7""","Tools Box, Consumables & Redress Kit 7""",normalized non-breaking spaces,PCS,0,active,true,WHIPSTOCK,,WHIPSTOCK,ERP Inventory Posting Group,high,"7""",7.00000,Description,high,"7"" -> 7""",,,none,9/14/2025 4:40 PM,false,
717,7f66260f-6791-f011-b41a-0022480cffe6,1046,1046,"Set of Ring Gauges for 7""","Set of Ring Gauges for 7""",normalized non-breaking spaces,SET,0,active,true,WHIPSTOCK,,WHIPSTOCK,ERP Inventory Posting Group,high,"7""",7.00000,/api/list-options/asset_sizes,asset_size_match,"7"" -> 7""",,,none,9/14/2025 4:36 PM,false,
718,e663938c-6791-f011-b41a-0022480cffe6,1047,1047,"9-5/8"" Whipstock System One Trip Hydraulic Set Permanent Complete Set Incl Whipface Packer Hinge Con","9 5/8"" Whipstock System One Trip Hydraulic Set Permanent Complete Set Incl Whipface Packer Hinge Con",normalized non-breaking spaces; normalized mixed fractions,PCS,0,active,true,WHIPSTOCK,,WHIPSTOCK,ERP Inventory Posting Group,high,"9 5/8""",9.62500,Description,high,"9 5/8"" -> 9 5/8""",,,none,9/14/2025 4:38 PM,false,
719,81ef61d5-6791-f011-b41a-0022480cffe6,1048,1048,"Tools Box, Consumables & Redress Kit 9-5/8""","Tools Box, Consumables & Redress Kit 9 5/8""",normalized non-breaking spaces; normalized mixed fractions,PCS,0,active,true,WHIPSTOCK,,WHIPSTOCK,ERP Inventory Posting Group,high,"9 5/8""",9.62500,Description,high,"9 5/8"" -> 9 5/8""",,,none,9/14/2025 4:40 PM,false,
720,740b1a11-6891-f011-b41a-0022480cffe6,1049,1049,"Set of Ring Gauges for 9-5/8""","Set of Ring Gauges for 9 5/8""",normalized non-breaking spaces; normalized mixed fractions,SET,0,active,true,WHIPSTOCK,,WHIPSTOCK,ERP Inventory Posting Group,high,"9 5/8""",9.62500,/api/list-options/asset_sizes,asset_size_match,"9 5/8"" -> 9 5/8""",,,none,9/14/2025 4:42 PM,false,
721,fc34b54b-523f-f111-bec4-7ced8dacb5af,BS 112 HNBR 70,BS 112 HNBR 70,O-RING BS 112 HNBR 70,O-RING BS 112 HNBR 70,normalized non-breaking spaces,PCS,6,active,true,WHIPSTOCK,,WHIPSTOCK,ERP Inventory Posting Group,high,,,,blank_allowed,,,,none,6/18/2026 3:34 PM,false,
722,b78c498a-543f-f111-bec4-7ced8dacb5af,BS-117-N90,BS-117-N90,O-RINGS BS-117-N90,O-RINGS BS-117-N90,normalized non-breaking spaces,PCS,4,active,true,WHIPSTOCK,,WHIPSTOCK,ERP Inventory Posting Group,high,,,,blank_allowed,,,,none,6/18/2026 3:34 PM,false,
723,3da2e164-533f-f111-bec4-7ced8dacb5af,BS-330-N70,BS-330-N70,"RAPTR-X HYDRAULIC RUNNING TOOL, 5.000in OD, PISTON SEAL","RAPTR-X HYDRAULIC RUNNING TOOL, 5.000in OD, PISTON SEAL",normalized non-breaking spaces,PCS,2,active,true,WHIPSTOCK,,WHIPSTOCK,ERP Inventory Posting Group,high,,,,blank_allowed,,,,none,6/18/2026 3:34 PM,false,
724,b6bdf3f3-4f3f-f111-bec4-70a8a51df30e,PP-7000-CW1,PP-7000-CW1,"7"" CSG, HYDRAULIC SET, NC38 BOX CONN.","7"" CSG, HYDRAULIC SET, NC38 BOX CONN.",normalized non-breaking spaces,PCS,2,active,true,WHIPSTOCK,,WHIPSTOCK,ERP Inventory Posting Group,high,"7""",7.00000,/api/list-options/asset_sizes,asset_size_match,"7"" -> 7""",,,none,6/18/2026 3:34 PM,false,
725,173d66b9-543f-f111-bec4-7ced8dacb5af,VLBG-PLUS 2T M16,VLBG-PLUS 2T M16,LIFT EYE VLBG-PLUS 2T M16,LIFT EYE VLBG-PLUS 2T M16,normalized non-breaking spaces,PCS,2,active,true,WHIPSTOCK,,WHIPSTOCK,ERP Inventory Posting Group,high,,,,blank_allowed,,,,none,6/18/2026 3:34 PM,false,
726,97c71ac2-523f-f111-bec4-7ced8dacb5af,WS2-070-A-A03-3,WS2-070-A-A03-3,"RAPTR-X SHEAR BOLT ASSEMBLY, 7 - 7-3/4in CSG WHIPSTOCK, 25,000LBS","RAPTR-X SHEAR BOLT ASSEMBLY, 7 - 7-3/4in CSG WHIPSTOCK, 25,000LBS",normalized non-breaking spaces,PCS,2,active,true,WHIPSTOCK,,WHIPSTOCK,ERP Inventory Posting Group,high,,,,blank_allowed,,,,none,6/18/2026 3:34 PM,false,
727,0eda2895-533f-f111-bec4-7ced8dacb5af,WS2-070-E-005,WS2-070-E-005,RAPTR-X ASSEMBLY TOOL FOR RETRIEVAL HOOK NOZZLE,RAPTR-X ASSEMBLY TOOL FOR RETRIEVAL HOOK NOZZLE,normalized non-breaking spaces,PCS,1,active,true,WHIPSTOCK,,WHIPSTOCK,ERP Inventory Posting Group,high,,,,blank_allowed,,,,none,6/18/2026 3:34 PM,false,
728,16ff18c9-503f-f111-bec4-70a8a51df30e,WS2-070-E-A01,WS2-070-E-A01,"RAPTR-X RETRIEVAL HOOK, 7"" CSG, NC38 BOX CONN.","RAPTR-X RETRIEVAL HOOK, 7"" CSG, NC38 BOX CONN.",normalized non-breaking spaces,PCS,1,active,true,WHIPSTOCK,,WHIPSTOCK,ERP Inventory Posting Group,high,"7""",7.00000,/api/list-options/asset_sizes,asset_size_match,"7"" -> 7""",,,none,6/18/2026 3:34 PM,false,
729,3c858912-543f-f111-bec4-7ced8dacb5af,WS2-070-E-A02-10,WS2-070-E-A02-10,"RAPTR-X RETRIEVAL HOOK NOZZLE ASSEMBELY, SIZE 16/32'' ","RAPTR-X RETRIEVAL HOOK NOZZLE ASSEMBLY, SIZE 16/32""",normalized non-breaking spaces; normalized inch marks; corrected spelling to Assembly,PCS,1,active,true,WHIPSTOCK,,WHIPSTOCK,ERP Inventory Posting Group,high,,,/api/list-options/asset_sizes,blank_allowed,"16/32"" -> 1/2""",,,none,6/18/2026 3:34 PM,false,
730,4e8f4c48-543f-f111-bec4-7ced8dacb5af,WS2-070-E-A02-12,WS2-070-E-A02-12,"RAPTR-X RETRIEVAL HOOK NOZZLE ASSEMBELY, SIZE 20/32''","RAPTR-X RETRIEVAL HOOK NOZZLE ASSEMBLY, SIZE 20/32""",normalized non-breaking spaces; normalized inch marks; corrected spelling to Assembly,PCS,1,active,true,WHIPSTOCK,,WHIPSTOCK,ERP Inventory Posting Group,high,,,/api/list-options/asset_sizes,blank_allowed,"20/32"" -> 5/8""",,,none,6/18/2026 3:34 PM,false,
731,9d536fd5-533f-f111-bec4-7ced8dacb5af,WS2-070-E-A02-13,WS2-070-E-A02-13,"RAPTR-X RETRIEVAL HOOK NOZZLE ASSEMBELY, BLANK","RAPTR-X RETRIEVAL HOOK NOZZLE ASSEMBLY, BLANK",normalized non-breaking spaces; corrected spelling to Assembly,PCS,1,active,true,WHIPSTOCK,,WHIPSTOCK,ERP Inventory Posting Group,high,,,,blank_allowed,,,,none,6/18/2026 3:34 PM,false,
732,2753aef8-7940-f011-be59-6045bd6aaecd,CHD-143010-7/32,CHD-143010-7/32,"CABLE HEAD CONE, (7/32"" LINE)","CABLE HEAD CONE, (7/32"" LINE)",normalized non-breaking spaces,PCS,0,active,true,WLSP,,WIRELINE,ERP Inventory Posting Group,accepted,"7/32""",0.21875,/api/list-options/asset_sizes,asset_size_match,"7/32"" -> 7/32""",,,none,6/16/2025 9:50 AM,false,
733,948d7851-7a40-f011-be59-6045bd6aaecd,CHD-143013,CHD-143013,"CABLE HEAD, WASHER","CABLE HEAD, WASHER",normalized non-breaking spaces,PCS,0,active,true,WLSP,,WIRELINE,ERP Inventory Posting Group,accepted,,,,blank_allowed,,,,none,6/16/2025 9:50 AM,false,
734,e262d614-7340-f011-be59-6045bd6aaecd,CHD6001-7/32,CHD6001-7/32,"CABLEHEAD, 1 11/16"", (7/32"" LINE) W/ GP","CABLEHEAD, 1 11/16"", (7/32"" LINE) W/ GP",normalized non-breaking spaces,PCS,0,active,true,WLSP,,WIRELINE,ERP Inventory Posting Group,accepted,"7/32""",0.21875,/api/list-options/asset_sizes,asset_size_match,"1 11/16"" -> 1 11/16"" | 7/32"" -> 7/32""",,,none,6/16/2025 9:50 AM,false,
735,4c416a76-7a40-f011-be59-6045bd6aaecd,SBT6001,SBT6001,"SINKER BAR TUNGSTEN, 1 11/16"" X 5' (57 lbs)","SINKER BAR TUNGSTEN, 1 11/16"" X 5' (57 lbs)",normalized non-breaking spaces,PCS,0,active,true,WLSP,,WIRELINE,ERP Inventory Posting Group,accepted,,,/api/list-options/asset_sizes,blank_allowed,"1 11/16"" -> 1 11/16""",,,none,6/16/2025 9:50 AM,false,
